"","Custom_Segment_Name","ROI","ROI_.Label.","Segment","Segment_.Name._Label.","ROI_X_Coordinate","ROI_Y_Coordinate","Segment_Tags","AOI","AOI_surface_area","AOI_nuclei_count","Fov_count","Fov_counted","BindingDensity","Scan_Name","Slide","Scan_plexset","Origin_Instrument_ID","X.Factor","Scan_ID","ROI_ID","LOT_Mouse_Immune_Cell_Profiling_Protein_Core_1_0","LOT_Mouse_Immune_Cell_Typing_Protein_Module_1_0","LOT_Mouse_nC_Cell_Death_Protein_1_1","LOT_Mouse_Pan_Tumor__Protein_Module_1_0"
"1","P610_P614_001_Islets","62602bdb-72be-4f03-8e12-85c590357f5b",1,"2e21bfaf-1b57-4a37-b51f-45f497f05475","islets",29413,67354,"Islets_KO_Inflamed",1,23184.51287,242,280,280,0.2,"P610/P614","e2214adf-6536-49bc-9092-c7927cffa952",2,"2204G0420",NA,"P610/P614",1,"ICPM1001",474068,474158,"PTRM10001"
"2","P610_P614_002_Islets","3f1ddfc8-0702-4ca4-9419-4b729ed8e3a0",2,"4cdccb04-6323-4ec8-b400-4e609481b1dc","islets",24281,63701,"Islets_KO_Inflamed",1,22296.67915,262,280,279,0.18,"P610/P614","e2214adf-6536-49bc-9092-c7927cffa952",2,"2204G0420",NA,"P610/P614",2,"ICPM1001",474068,474158,"PTRM10001"
"3","P610_P614_003_Islets","375c4558-4913-4c68-a2be-c50776f777ec",3,"4ae03f1e-639c-470f-8eca-74f70af40b4b","islets",24353,63820,"Islets_KO_Inflamed",1,19558.54342,237,280,280,0.17,"P610/P614","e2214adf-6536-49bc-9092-c7927cffa952",2,"2204G0420",NA,"P610/P614",3,"ICPM1001",474068,474158,"PTRM10001"
"4","P610_P614_004_Islets","2e203bc0-21e8-4453-9954-9dccc8ea7ec9",4,"7aeee9c6-8e17-443d-aee9-f92fba22467c","islets",14109,60334,"Islets_KO_Inflamed",1,20989.78029,220,280,280,0.22,"P610/P614","e2214adf-6536-49bc-9092-c7927cffa952",2,"2204G0420",NA,"P610/P614",4,"ICPM1001",474068,474158,"PTRM10001"
"5","P610_P614_005_Islets","c3f98c63-b343-4844-b2e0-022c17938cab",5,"2e2ba2ba-abd8-4777-ba89-263404366e6b","islets",17731,55477,"Islets_KO_Inflamed",1,28854.35782,261,280,280,0.2,"P610/P614","e2214adf-6536-49bc-9092-c7927cffa952",2,"2204G0420",NA,"P610/P614",5,"ICPM1001",474068,474158,"PTRM10001"
"6","P610_P614_006_Islets","3df16591-0ef1-4967-8527-5da7fb1b3f7d",6,"6b53cf09-0cf8-4707-ba61-1877bbeab58b","islets",13832,63745,"Islets_KO_Inflamed",1,14874.8275,200,280,266,0.2,"P610/P614","e2214adf-6536-49bc-9092-c7927cffa952",2,"2204G0420",NA,"P610/P614",6,"ICPM1001",474068,474158,"PTRM10001"
"7","P610_P614_007_Islets","78caeeb6-7fa9-4b4d-a59e-6c4f240bf624",7,"11a47658-df72-4ce8-b2eb-f96ce95fa1bd","islets",13581,53614,"Islets_KO_Inflamed",1,26342.66653,331,280,279,0.23,"P610/P614","e2214adf-6536-49bc-9092-c7927cffa952",2,"2204G0420",NA,"P610/P614",7,"ICPM1001",474068,474158,"PTRM10001"
"8","P610_P614_008_Islets","83866f33-7149-4ccd-8878-6e8aa04bc21b",8,"233c07d5-096c-4c1f-a5e6-0e2512c3471b","islets",13599,53847,"Islets_KO_Inflamed",1,20008.25637,229,280,280,0.19,"P610/P614","e2214adf-6536-49bc-9092-c7927cffa952",2,"2204G0420",NA,"P610/P614",8,"ICPM1001",474068,474158,"PTRM10001"
"9","P610_P614_009_Islets","da7e442d-9ae2-442a-a4c0-8ac9399cf60f",9,"edba7190-626d-4607-bb1a-43778d386f2e","islets",13721,54012,"Islets_KO_Inflamed",1,23959.60077,333,280,279,0.19,"P610/P614","e2214adf-6536-49bc-9092-c7927cffa952",2,"2204G0420",NA,"P610/P614",9,"ICPM1001",474068,474158,"PTRM10001"
"10","P610_P614_010_Islets","89a6f4e4-3701-46bb-9a64-aeb70b377d7e",10,"771e13a5-1c95-4507-8321-47ed231fe31f","islets",12924,55101,"Islets_KO_Inflamed",1,15524.9422,135,280,280,0.19,"P610/P614","e2214adf-6536-49bc-9092-c7927cffa952",2,"2204G0420",NA,"P610/P614",10,"ICPM1001",474068,474158,"PTRM10001"
"11","P610_P614_011_Islets","ace3958d-dc70-4052-b0a0-1166ae3aaf28",11,"d96a7773-7e39-4b2b-9b74-f2871834480b","islets",22952,59607,"Islets_KO_non_Inflamed",1,34339.20433,236,280,280,0.21,"P610/P614","e2214adf-6536-49bc-9092-c7927cffa952",2,"2204G0420",NA,"P610/P614",11,"ICPM1001",474068,474158,"PTRM10001"
"12","P610_P614_012_Islets","4a4dbf25-0677-4476-93cc-e280ad7c2e5a",12,"778a3c82-e8b4-4ec9-88de-ea46731f01f5","islets",23271,57747,"Islets_KO_non_Inflamed",1,6324.882349,48,280,279,0.18,"P610/P614","e2214adf-6536-49bc-9092-c7927cffa952",2,"2204G0420",NA,"P610/P614",12,"ICPM1001",474068,474158,"PTRM10001"
"13","P610_P614_013_Islets","6ac61548-eea6-435b-865c-5b1119952c51",13,"384d3f02-ff4b-4e23-a8d0-3ffcdf77efd4","islets",23369,56849,"Islets_KO_non_Inflamed",1,9036.498994,74,280,280,0.2,"P610/P614","e2214adf-6536-49bc-9092-c7927cffa952",2,"2204G0420",NA,"P610/P614",13,"ICPM1001",474068,474158,"PTRM10001"
"14","P610_P614_014_Islets","1d97a47e-417f-47c0-95ae-cc3b467d5dd9",14,"debbabc9-61c4-47b9-8230-ff0b5e3c4b4e","islets",23520,57303,"Islets_KO_non_Inflamed",1,4960.340194,38,280,279,0.18,"P610/P614","e2214adf-6536-49bc-9092-c7927cffa952",2,"2204G0420",NA,"P610/P614",14,"ICPM1001",474068,474158,"PTRM10001"
"15","P610_P614_015_Islets","aafac9ec-c45b-47c5-ad8f-0fb3690772d1",15,"9463f570-772b-468c-b6d8-2e4b85173953","islets",26134,30325,"Islets_HET_non_Inflamed",1,9045.391623,79,280,280,0.17,"P610/P614","e2214adf-6536-49bc-9092-c7927cffa952",2,"2204G0420",NA,"P610/P614",15,"ICPM1001",474068,474158,"PTRM10001"
"16","P610_P614_016_Islets","7bd16f19-f727-4fb1-ae12-b56c0b3add1f",16,"5e7dc000-0353-4b61-a003-291acfa73b59","islets",18886,25162,"Islets_HET_non_Inflamed",1,19039.595,153,280,280,0.22,"P610/P614","e2214adf-6536-49bc-9092-c7927cffa952",2,"2204G0420",NA,"P610/P614",16,"ICPM1001",474068,474158,"PTRM10001"
"17","P610_P614_017_Islets","82b9cb10-701a-436a-b495-e1c31cd55a78",17,"993b0c0b-6917-4bac-8e48-d7e056ccf988","islets",16800,27596,"Islets_HET_non_Inflamed",1,3750.625061,42,280,280,0.2,"P610/P614","e2214adf-6536-49bc-9092-c7927cffa952",2,"2204G0420",NA,"P610/P614",17,"ICPM1001",474068,474158,"PTRM10001"
"18","P610_P614_018_Islets","cffea415-10af-4bf4-a1e1-e1c57d291da6",18,"79e72175-1f30-4d38-a96c-e32d1ce9915e","islets",17076,12191,"Islets_HET_non_Inflamed",1,6029.678827,58,280,266,0.2,"P610/P614","e2214adf-6536-49bc-9092-c7927cffa952",2,"2204G0420",NA,"P610/P614",18,"ICPM1001",474068,474158,"PTRM10001"
"19","P609_P611_001_Islets","9689d194-b0d0-42e0-8609-9d9819e11d49",1,"0d0fbc4b-ffe9-4fd8-b338-40ca448fd1ae","islets",12480,53713,"Islets_KO_Inflamed",1,35432.6801,282,280,280,0.22,"P609/P611","e1a4d468-3191-4ad1-8b9d-d2bfcf898eae",2,"2204G0420",NA,"P609/P611",1,"ICPM1001",474068,474158,"PTRM10001"
"20","P609_P611_002_Islets","9cccb29c-2caa-43b8-8f1f-b78d6261d573",2,"06d0d328-acc3-42f4-9181-a3e49423dd9e","islets",13132,48099,"Islets_KO_Mild_inflammation",1,30403.42203,265,280,280,0.2,"P609/P611","e1a4d468-3191-4ad1-8b9d-d2bfcf898eae",2,"2204G0420",NA,"P609/P611",2,"ICPM1001",474068,474158,"PTRM10001"
"21","P609_P611_003_Islets","e37d4256-239a-46cc-ae84-7ea07f245691",3,"fda14cfe-15fb-4f96-b580-ee5917f078b9","islets",28878,54184,"Islets_KO_Inflamed",1,30099.80227,286,280,266,0.2,"P609/P611","e1a4d468-3191-4ad1-8b9d-d2bfcf898eae",2,"2204G0420",NA,"P609/P611",3,"ICPM1001",474068,474158,"PTRM10001"
"22","P609_P611_004_Islets","be181746-e9f7-4eb0-889e-3229351410e1",4,"f81c44bb-87e2-4a6c-beba-fed9621cfa80","islets",24625,45906,"Islets_KO_Inflamed",1,22777.8339,212,280,279,0.23,"P609/P611","e1a4d468-3191-4ad1-8b9d-d2bfcf898eae",2,"2204G0420",NA,"P609/P611",4,"ICPM1001",474068,474158,"PTRM10001"
"23","P609_P611_005_Islets","aefa540b-941d-4600-8bae-21d25ab3ca45",5,"ffb9bd93-85a2-4034-9512-4d8aa48624c1","islets",21422,58402,"Islets_KO_Inflamed",1,18035.36311,264,280,280,0.19,"P609/P611","e1a4d468-3191-4ad1-8b9d-d2bfcf898eae",2,"2204G0420",NA,"P609/P611",5,"ICPM1001",474068,474158,"PTRM10001"
"24","P609_P611_006_Islets","c4028803-6125-4e56-a52c-5d93f431efb3",6,"1644ca3f-6598-4ad2-bad5-3e5ba776a55b","islets",23768,59252,"Islets_KO_Inflamed",1,20748.09134,259,280,279,0.19,"P609/P611","e1a4d468-3191-4ad1-8b9d-d2bfcf898eae",2,"2204G0420",NA,"P609/P611",6,"ICPM1001",474068,474158,"PTRM10001"
"25","P609_P611_007_Islets","78108104-3bd8-47b0-a5b4-b1ee5f60819a",7,"457f2318-6f51-456c-bdb8-29bd20e309ca","islets",12211,60452,"Islets_KO_non_Inflamed",1,20436.84932,183,280,280,0.19,"P609/P611","e1a4d468-3191-4ad1-8b9d-d2bfcf898eae",2,"2204G0420",NA,"P609/P611",7,"ICPM1001",474068,474158,"PTRM10001"
"26","P609_P611_008_Islets","4545fda2-e72f-4f2f-a4a7-dcb82c6daaeb",8,"ee4dce5c-4057-49fe-af0c-07be286e0531","islets",20098,55080,"Islets_KO_non_Inflamed",1,31576.77266,249,280,280,0.21,"P609/P611","e1a4d468-3191-4ad1-8b9d-d2bfcf898eae",2,"2204G0420",NA,"P609/P611",8,"ICPM1001",474068,474158,"PTRM10001"
"27","P609_P611_009_Islets","2c81a091-edf4-49ba-8fd3-d6c783a425bf",9,"8763b162-4dcd-4d7d-9c25-fd82855fc753","islets",20551,54981,"Islets_KO_non_Inflamed",1,25655.86974,225,280,279,0.18,"P609/P611","e1a4d468-3191-4ad1-8b9d-d2bfcf898eae",2,"2204G0420",NA,"P609/P611",9,"ICPM1001",474068,474158,"PTRM10001"
"28","P609_P611_010_Islets","e24c1269-04f5-4483-862d-ca712ae151ce",10,"d7356896-09cb-424f-be02-7e8aac56aac2","islets",28524,54997,"Islets_KO_Inflamed",1,13643.67478,143,280,280,0.2,"P609/P611","e1a4d468-3191-4ad1-8b9d-d2bfcf898eae",2,"2204G0420",NA,"P609/P611",10,"ICPM1001",474068,474158,"PTRM10001"
"29","P609_P611_011_Islets","241de728-bec2-4f83-b578-1cea49d4c1d0",11,"7dae37bd-58cf-4523-925e-2a5673fe13b9","islets",28837,55748,"Islets_KO_Inflamed",1,22674.29829,208,280,279,0.18,"P609/P611","e1a4d468-3191-4ad1-8b9d-d2bfcf898eae",2,"2204G0420",NA,"P609/P611",11,"ICPM1001",474068,474158,"PTRM10001"
"30","P609_P611_012_Islets","8427a881-4a8a-4815-8152-3c796d172725",12,"74e50e3f-55b1-4f69-862b-d51cee20783c","islets",26729,57650,"Islets_KO_Inflamed",1,12839.20945,144,280,280,0.17,"P609/P611","e1a4d468-3191-4ad1-8b9d-d2bfcf898eae",2,"2204G0420",NA,"P609/P611",12,"ICPM1001",474068,474158,"PTRM10001"
"31","P609_P611_013_Islets","cbdd2d2a-8b6d-4983-bb82-add801ac9ee6",13,"c396ad2e-b919-4d57-b260-a987822bef4f","islets",32791,47464,"Islets_KO_non_Inflamed",1,22034.66419,169,280,280,0.22,"P609/P611","e1a4d468-3191-4ad1-8b9d-d2bfcf898eae",2,"2204G0420",NA,"P609/P611",13,"ICPM1001",474068,474158,"PTRM10001"
"32","P609_P611_014_Islets","7aea57c4-8f3f-499e-82a9-34307fa499f3",14,"bbe252e4-a44f-4d45-ab68-eaf2bd930b12","islets",30622,47469,"Islets_KO_Mild_inflammation",1,11808.45848,101,280,280,0.2,"P609/P611","e1a4d468-3191-4ad1-8b9d-d2bfcf898eae",2,"2204G0420",NA,"P609/P611",14,"ICPM1001",474068,474158,"PTRM10001"
"33","P609_P611_015_Islets","8645c8da-93e4-4cc5-adff-14baff48ddc2",15,"20476e7b-6f49-4c72-8832-575aac71a367","islets",30641,48722,"Islets_KO_Mild_inflammation",1,11522.14759,118,280,266,0.2,"P609/P611","e1a4d468-3191-4ad1-8b9d-d2bfcf898eae",2,"2204G0420",NA,"P609/P611",15,"ICPM1001",474068,474158,"PTRM10001"
"34","P609_P611_016_Islets","7cb8d1c5-6e0a-4ee4-a246-11ce71cb9a65",16,"33219be2-2a64-48d7-bc3e-1a6caec7dd9c","islets",27153,46335,"Islets_KO_non_Inflamed",1,19046.10567,159,280,279,0.23,"P609/P611","e1a4d468-3191-4ad1-8b9d-d2bfcf898eae",2,"2204G0420",NA,"P609/P611",16,"ICPM1001",474068,474158,"PTRM10001"
"35","P609_P611_017_Islets","9d9d70f5-be36-49f7-b5a6-862583d4c9c4",17,"826560be-c96c-4c56-a3ed-a6aa2d2d63d4","islets",20524,59760,"Islets_KO_non_Inflamed",1,4500.146645,45,280,280,0.19,"P609/P611","e1a4d468-3191-4ad1-8b9d-d2bfcf898eae",2,"2204G0420",NA,"P609/P611",17,"ICPM1001",474068,474158,"PTRM10001"
"36","P609_P611_018_Islets","602648a1-d7d6-430f-8c43-265d91f6c4d6",18,"d95a4a6c-f42e-48c6-9f11-9083f30bf8c4","islets",13023,49838,"Islets_KO_non_Inflamed",1,10682.11174,91,280,279,0.19,"P609/P611","e1a4d468-3191-4ad1-8b9d-d2bfcf898eae",2,"2204G0420",NA,"P609/P611",18,"ICPM1001",474068,474158,"PTRM10001"
"37","P609_P611_019_Islets","efd1a510-1ea4-4143-9482-fdb67905652d",19,"5508be2e-a9e9-4cad-aa27-95f7def9d738","islets",24295,44517,"Islets_KO_non_Inflamed",1,2853.263521,33,280,280,0.19,"P609/P611","e1a4d468-3191-4ad1-8b9d-d2bfcf898eae",2,"2204G0420",NA,"P609/P611",19,"ICPM1001",474068,474158,"PTRM10001"
"38","P609_P611_020_Islets","2258634c-9a77-45a4-a5fd-272bfe985538",20,"10b39e9f-e7fc-4c8d-89d3-0e8b05b9032b","islets",24938,5226,"Islets_KO_Mild_inflammation",1,23819.38306,204,280,280,0.21,"P609/P611","e1a4d468-3191-4ad1-8b9d-d2bfcf898eae",2,"2204G0420",NA,"P609/P611",20,"ICPM1001",474068,474158,"PTRM10001"
"39","P609_P611_021_Islets","bd360eed-6c28-4223-b9a4-bfbcb0fdbf21",21,"333cf9c4-c33a-46a8-bbc8-e058970204cd","islets",34530,13588,"Islets_KO_non_Inflamed",1,7135.064366,69,280,279,0.18,"P609/P611","e1a4d468-3191-4ad1-8b9d-d2bfcf898eae",2,"2204G0420",NA,"P609/P611",21,"ICPM1001",474068,474158,"PTRM10001"
"40","P609_P611_022_Islets","a8c6e8ec-1269-467b-8864-13a9db76d2f1",22,"8be599c6-a5ae-4964-a250-6818e01d937e","islets",9139,10424,"Islets_KO_Inflamed",1,32091.43356,281,280,280,0.2,"P609/P611","e1a4d468-3191-4ad1-8b9d-d2bfcf898eae",2,"2204G0420",NA,"P609/P611",22,"ICPM1001",474068,474158,"PTRM10001"
"41","P609_P611_023_Islets","2015d52b-f824-431f-b67d-10d6ad6b26e2",23,"2ff51dda-e89f-42ea-9861-dd072f556070","islets",11299,8942,"Islets_KO_non_Inflamed",1,15874.77187,154,280,279,0.18,"P609/P611","e1a4d468-3191-4ad1-8b9d-d2bfcf898eae",2,"2204G0420",NA,"P609/P611",23,"ICPM1001",474068,474158,"PTRM10001"
"42","P609_P611_024_Islets","5fe81a54-d753-4786-9e9c-09663af6818a",24,"e4b9610e-ca40-4684-8e13-c740cac2222e","islets",11877,8733,"Islets_KO_non_Inflamed",1,22006.23954,182,280,280,0.17,"P609/P611","e1a4d468-3191-4ad1-8b9d-d2bfcf898eae",2,"2204G0420",NA,"P609/P611",24,"ICPM1001",474068,474158,"PTRM10001"
"43","P609_P611_025_Islets","6a3d187b-e59b-4489-8d70-3e7c790f2886",25,"42e80bd1-a709-4edd-925b-4c76c860505a","islets",24266,19386,"Islets_KO_Mild_inflammation",1,10813.75441,105,280,280,0.22,"P609/P611","e1a4d468-3191-4ad1-8b9d-d2bfcf898eae",2,"2204G0420",NA,"P609/P611",25,"ICPM1001",474068,474158,"PTRM10001"
"44","P609_P611_026_Islets","beef9776-79a7-4110-bfd9-7893087ba681",26,"39e192e6-101a-4399-8fa8-ab34e8f523a8","islets",21384,24433,"Islets_KO_non_Inflamed",1,17940.40254,156,280,280,0.2,"P609/P611","e1a4d468-3191-4ad1-8b9d-d2bfcf898eae",2,"2204G0420",NA,"P609/P611",26,"ICPM1001",474068,474158,"PTRM10001"
"45","P609_P611_027_Islets","e170d4bd-f39f-4c84-86b6-397f154462e8",27,"f6574f01-4fe4-4ae1-acbe-2636008579c9","islets",19538,24840,"Islets_KO_non_Inflamed",1,16756.57131,150,280,266,0.2,"P609/P611","e1a4d468-3191-4ad1-8b9d-d2bfcf898eae",2,"2204G0420",NA,"P609/P611",27,"ICPM1001",474068,474158,"PTRM10001"
"46","P609_P611_028_Islets","e028d616-ce82-475b-8767-b7a3817e5338",28,"13a1524f-754e-47cc-ac3b-ed8fec4f3788","islets",15552,8936,"Islets_KO_non_Inflamed",1,19510.90433,173,280,279,0.23,"P609/P611","e1a4d468-3191-4ad1-8b9d-d2bfcf898eae",2,"2204G0420",NA,"P609/P611",28,"ICPM1001",474068,474158,"PTRM10001"
"47","P609_P611_029_Islets","41ded76a-369a-46fd-b31e-f8c84d006846",29,"b3173635-f7df-4781-a7d9-bea8dcecbfc8","islets",15188,8196,"Islets_KO_non_Inflamed",1,12407.28176,105,280,280,0.19,"P609/P611","e1a4d468-3191-4ad1-8b9d-d2bfcf898eae",2,"2204G0420",NA,"P609/P611",29,"ICPM1001",474068,474158,"PTRM10001"
"48","P609_P611_030_Islets","8d5a0b05-9798-4e40-a80b-2a72a1682415",30,"a521eeb2-9ab6-4992-821a-0a1b98406266","islets",14660,22313,"Islets_KO_non_Inflamed",1,9395.856482,71,280,279,0.19,"P609/P611","e1a4d468-3191-4ad1-8b9d-d2bfcf898eae",2,"2204G0420",NA,"P609/P611",30,"ICPM1001",474068,474158,"PTRM10001"
"49","P609_P611_031_Islets","cdf964ec-30aa-4cd9-8d97-047386f8156b",31,"a1c9e312-b4ed-4a06-aaba-c4df84fd8d73","islets",16798,23254,"Islets_KO_Inflamed",1,17033.67198,192,280,280,0.19,"P609/P611","e1a4d468-3191-4ad1-8b9d-d2bfcf898eae",2,"2204G0420",NA,"P609/P611",31,"ICPM1001",474068,474158,"PTRM10001"
"50","P609_P611_032_Islets","495a131f-a0f5-458f-9f20-4e7db296d5c0",32,"49a806c8-608f-43dc-8c11-99017f220b73","islets",16991,23779,"Islets_KO_Inflamed",1,12430.94251,181,280,280,0.21,"P609/P611","e1a4d468-3191-4ad1-8b9d-d2bfcf898eae",2,"2204G0420",NA,"P609/P611",32,"ICPM1001",474068,474158,"PTRM10001"
"51","P609_P611_033_Islets","28e7757f-b769-46f6-aa46-916d3792dcbc",33,"48b9c9cb-ca02-4bf0-ae59-5496eab1d600","islets",32918,8599,"Islets_KO_non_Inflamed",1,6181.965098,33,280,279,0.18,"P609/P611","e1a4d468-3191-4ad1-8b9d-d2bfcf898eae",2,"2204G0420",NA,"P609/P611",33,"ICPM1001",474068,474158,"PTRM10001"
"52","P609_P611_034_Islets","ed7cfffa-df18-44f0-89ae-d3375367771f",34,"29f94f65-fc74-44ae-a118-911c91d72ec9","islets",31641,5838,"Islets_KO_non_Inflamed",1,3329.495561,36,280,280,0.2,"P609/P611","e1a4d468-3191-4ad1-8b9d-d2bfcf898eae",2,"2204G0420",NA,"P609/P611",34,"ICPM1001",474068,474158,"PTRM10001"
"53","P609_P611_035_Islets","dc99ad7d-77fc-44e0-8807-6eda7a58eccd",35,"2e4f8730-2c38-48d1-a135-c88c0250fd12","islets",8542,9946,"Islets_KO_non_Inflamed",1,3914.503509,37,280,279,0.18,"P609/P611","e1a4d468-3191-4ad1-8b9d-d2bfcf898eae",2,"2204G0420",NA,"P609/P611",35,"ICPM1001",474068,474158,"PTRM10001"
"54","P609_P611_036_Islets","01c3fe8d-b896-4b6e-99ff-6d3c284cab9e",36,"8ead5907-c656-4176-a910-0cf582e36a4d","islets",23043,11144,"Islets_KO_non_Inflamed",1,3167.84027,28,280,280,0.17,"P609/P611","e1a4d468-3191-4ad1-8b9d-d2bfcf898eae",2,"2204G0420",NA,"P609/P611",36,"ICPM1001",474068,474158,"PTRM10001"
"55","P609_P611_037_Islets","fabdc3f7-4174-4d96-9b44-60b569d9925c",37,"dba528d1-de2b-40cd-a805-952c2499c264","islets",29326,21348,"Islets_KO_non_Inflamed",1,2650.00343,29,280,280,0.22,"P609/P611","e1a4d468-3191-4ad1-8b9d-d2bfcf898eae",2,"2204G0420",NA,"P609/P611",37,"ICPM1001",474068,474158,"PTRM10001"
"56","P609_P611_038_Islets","345d2e62-f633-4746-a36a-0f55f7fd580b",38,"5eddf78c-edec-46db-902c-70a46bce02a0","islets",21969,22319,"Islets_KO_non_Inflamed",1,4909.366374,47,280,280,0.2,"P609/P611","e1a4d468-3191-4ad1-8b9d-d2bfcf898eae",2,"2204G0420",NA,"P609/P611",38,"ICPM1001",474068,474158,"PTRM10001"
"57","P608_P612_001_Islets","66a65d19-f1b0-464b-85b4-04bdc69c98f5",1,"496011d6-ab89-4fbf-ab19-6037630d999c","islets",21000,65283,"Islets_KO_Inflamed",1,20418.58767,250,280,279,0.23,"P608/P612","46f9277b-9386-4189-ab37-e4d6267b2a2f",2,"2204G0420",NA,"P608/P612",1,"ICPM1001",474068,474158,"PTRM10001"
"58","P608_P612_002_Islets","eb3317fd-57d2-4833-a2cd-c698e65e36f2",2,"86bcb5b6-c410-4f1e-ba70-dc271e88b44f","islets",24449,56936,"Islets_KO_Inflamed",1,18470.78434,266,280,280,0.19,"P608/P612","46f9277b-9386-4189-ab37-e4d6267b2a2f",2,"2204G0420",NA,"P608/P612",2,"ICPM1001",474068,474158,"PTRM10001"
"59","P608_P612_003_Islets","b944b050-67ee-423d-8a89-f89b2ad8ef53",3,"723a7e4e-02fc-4306-b298-c937b6b49a4f","islets",24462,57445,"Islets_KO_Inflamed",1,8985.207581,119,280,279,0.19,"P608/P612","46f9277b-9386-4189-ab37-e4d6267b2a2f",2,"2204G0420",NA,"P608/P612",3,"ICPM1001",474068,474158,"PTRM10001"
"60","P608_P612_004_Islets","573b49d9-491e-4885-a160-ea626ca05da5",4,"07e008e7-1ee8-44d4-94e1-7307077d569c","islets",27119,62736,"Islets_KO_Inflamed",1,16002.921,185,280,280,0.19,"P608/P612","46f9277b-9386-4189-ab37-e4d6267b2a2f",2,"2204G0420",NA,"P608/P612",4,"ICPM1001",474068,474158,"PTRM10001"
"61","P608_P612_005_Islets","bbfba7a7-4e2c-433d-8b1a-e582475c4c9b",5,"366ea29f-521e-4e9b-a90c-06060d351ebb","islets",9528,60702,"Islets_KO_Inflamed",1,12076.98411,136,280,280,0.21,"P608/P612","46f9277b-9386-4189-ab37-e4d6267b2a2f",2,"2204G0420",NA,"P608/P612",5,"ICPM1001",474068,474158,"PTRM10001"
"62","P608_P612_006_Islets","e8afe05a-6fbc-4a3d-aec0-7f00f3a09ab9",6,"5cb54b1d-8b42-4931-8a66-f80a74bd7cda","islets",7980,59757,"Islets_KO_Inflamed",1,12634.36139,164,280,279,0.18,"P608/P612","46f9277b-9386-4189-ab37-e4d6267b2a2f",2,"2204G0420",NA,"P608/P612",6,"ICPM1001",474068,474158,"PTRM10001"
"63","P608_P612_007_Islets","0fad5d36-c6a7-4a5e-941d-9f70d6091058",7,"d64360f0-07ab-4618-b3fc-b51f032142b2","islets",23914,55493,"Islets_KO_Inflamed",1,17996.14027,220,280,280,0.2,"P608/P612","46f9277b-9386-4189-ab37-e4d6267b2a2f",2,"2204G0420",NA,"P608/P612",7,"ICPM1001",474068,474158,"PTRM10001"
"64","P608_P612_008_Islets","0f68f4b8-a473-4d0d-8fdf-bce9228a1778",8,"b757623e-2b5d-4935-81ed-04cfe1b5deed","islets",24776,55579,"Islets_KO_Inflamed",1,9031.576289,128,280,279,0.18,"P608/P612","46f9277b-9386-4189-ab37-e4d6267b2a2f",2,"2204G0420",NA,"P608/P612",8,"ICPM1001",474068,474158,"PTRM10001"
"65","P608_P612_009_Islets","1d8c996f-bc2a-45b0-a5ff-ff36bf2e07c8",9,"1c7fef15-8f7a-4497-9699-eef7c6d22938","islets",10649,55750,"Islets_KO_non_Inflamed",1,4407.091635,40,280,280,0.17,"P608/P612","46f9277b-9386-4189-ab37-e4d6267b2a2f",2,"2204G0420",NA,"P608/P612",9,"ICPM1001",474068,474158,"PTRM10001"
"66","P608_P612_010_Islets","b93d2a9c-6224-47ea-8627-61617e0a730b",10,"34d28d9d-89d0-41fc-9ac8-810c3433495a","islets",12661,57356,"Islets_KO_non_Inflamed",1,8427.35391,62,280,280,0.22,"P608/P612","46f9277b-9386-4189-ab37-e4d6267b2a2f",2,"2204G0420",NA,"P608/P612",10,"ICPM1001",474068,474158,"PTRM10001"
"67","P608_P612_011_Islets","1e213a74-0325-4908-a28a-8a151cbd8298",11,"9666b581-eba3-4f47-ad31-6f20ad677a37","islets",12189,58316,"Islets_KO_non_Inflamed",1,4759.144464,44,280,280,0.2,"P608/P612","46f9277b-9386-4189-ab37-e4d6267b2a2f",2,"2204G0420",NA,"P608/P612",11,"ICPM1001",474068,474158,"PTRM10001"
"68","P608_P612_012_Islets","0ca05773-200c-4dc5-abdc-134e9cf15185",12,"5a068d18-a034-41e9-a105-60b502acacec","islets",12954,66576,"Islets_KO_non_Inflamed",1,3026.352192,28,280,266,0.2,"P608/P612","46f9277b-9386-4189-ab37-e4d6267b2a2f",2,"2204G0420",NA,"P608/P612",12,"ICPM1001",474068,474158,"PTRM10001"
"69","P608_P612_013_Islets","81df6f8c-aa80-459d-9e70-1c496c4e826f",13,"b4dd92f9-7e2d-4d10-829c-154972881e13","islets",23391,66331,"Islets_KO_non_Inflamed",1,3817.637372,33,280,279,0.23,"P608/P612","46f9277b-9386-4189-ab37-e4d6267b2a2f",2,"2204G0420",NA,"P608/P612",13,"ICPM1001",474068,474158,"PTRM10001"
"70","P608_P612_014_Islets","fd6e6e56-7d9f-483d-903e-4b03b725deb3",14,"7f2e326c-deaf-4866-b3df-5e7ad5af9d66","islets",22196,57279,"Islets_KO_non_Inflamed",1,5604.7382,43,280,280,0.19,"P608/P612","46f9277b-9386-4189-ab37-e4d6267b2a2f",2,"2204G0420",NA,"P608/P612",14,"ICPM1001",474068,474158,"PTRM10001"
"71","P608_P612_015_Islets","be411d3b-23da-4a19-9705-291dfad4c6cc",15,"e8b5fd07-afd6-4286-9ea5-481d02dee2c0","islets",21636,57706,"Islets_KO_non_Inflamed",1,4863.156463,52,280,279,0.19,"P608/P612","46f9277b-9386-4189-ab37-e4d6267b2a2f",2,"2204G0420",NA,"P608/P612",15,"ICPM1001",474068,474158,"PTRM10001"
"72","P608_P612_016_Islets","11defdfb-8e54-4f4b-92cd-42fe25cc0548",16,"371df958-4592-424e-be04-fff474e9d85d","islets",16753,53395,"Islets_KO_non_Inflamed",1,13085.34472,97,280,280,0.19,"P608/P612","46f9277b-9386-4189-ab37-e4d6267b2a2f",2,"2204G0420",NA,"P608/P612",16,"ICPM1001",474068,474158,"PTRM10001"
"73","P608_P612_017_Islets","39f84ca0-540c-42c1-af26-d98d91fa54ab",17,"7d87cfec-3cbe-443f-aa28-f927f691c670","islets",16614,52621,"Islets_KO_non_Inflamed",1,5403.383673,45,280,280,0.21,"P608/P612","46f9277b-9386-4189-ab37-e4d6267b2a2f",2,"2204G0420",NA,"P608/P612",17,"ICPM1001",474068,474158,"PTRM10001"
"74","P608_P612_018_Islets","8f11e62e-a63d-4424-a074-748b3ad630bf",18,"a8ad256b-0d33-4e58-a8e7-d226042fd4a1","islets",27371,17163,"Islets_HET_non_Inflamed",1,25350.50321,208,280,279,0.18,"P608/P612","46f9277b-9386-4189-ab37-e4d6267b2a2f",2,"2204G0420",NA,"P608/P612",18,"ICPM1001",474068,474158,"PTRM10001"
"75","P608_P612_019_Islets","29428ed4-b6ea-4336-9a93-49840a1033a6",19,"2c86c5dc-08c9-4096-9a83-14ebfab5d395","islets",28114,16517,"Islets_HET_non_Inflamed",1,10340.38072,90,280,280,0.2,"P608/P612","46f9277b-9386-4189-ab37-e4d6267b2a2f",2,"2204G0420",NA,"P608/P612",19,"ICPM1001",474068,474158,"PTRM10001"
"76","P608_P612_020_Islets","ff305fd7-c7a6-4ad5-a794-4d299196a1ef",20,"bc2f1300-3553-4d29-ab8a-45d80212c3a2","islets",28271,19499,"Islets_HET_non_Inflamed",1,7183.338637,52,280,279,0.18,"P608/P612","46f9277b-9386-4189-ab37-e4d6267b2a2f",2,"2204G0420",NA,"P608/P612",20,"ICPM1001",474068,474158,"PTRM10001"
"77","P608_P612_021_Islets","943726b9-fb9d-4ae4-8ba2-1745e95db1a2",21,"ce028148-2116-42e2-9370-a5f784682dc5","islets",17641,28372,"Islets_HET_non_Inflamed",1,7257.814405,86,280,280,0.17,"P608/P612","46f9277b-9386-4189-ab37-e4d6267b2a2f",2,"2204G0420",NA,"P608/P612",21,"ICPM1001",474068,474158,"PTRM10001"
"78","P608_P612_022_Islets","4c3e6799-091a-4c1c-b612-a00b4998e2fb",22,"340ce988-2545-43b4-b1ad-329ef33d5a59","islets",13853,16993,"Islets_HET_non_Inflamed",1,11919.93394,99,280,280,0.22,"P608/P612","46f9277b-9386-4189-ab37-e4d6267b2a2f",2,"2204G0420",NA,"P608/P612",22,"ICPM1001",474068,474158,"PTRM10001"
"79","P608_P612_023_Islets","bd4dd60d-d35f-4857-941c-beae30032e21",23,"daab0a75-848a-4942-ac5d-0107ad587485","islets",12139,16192,"Islets_HET_non_Inflamed",1,17874.50181,138,280,280,0.2,"P608/P612","46f9277b-9386-4189-ab37-e4d6267b2a2f",2,"2204G0420",NA,"P608/P612",23,"ICPM1001",474068,474158,"PTRM10001"
"80","P608_P612_024_Islets","b8431e3f-1842-410b-ac95-fd7fc943b6ca",24,"70c75d35-e166-4754-8623-a47a53ea4d71","islets",9612,17377,"Islets_HET_non_Inflamed",1,16610.31932,102,280,266,0.2,"P608/P612","46f9277b-9386-4189-ab37-e4d6267b2a2f",2,"2204G0420",NA,"P608/P612",24,"ICPM1001",474068,474158,"PTRM10001"
"81","P608_P612_025_Islets","a4dc566f-9103-4d2d-a6f8-ecc1aea7b34a",25,"1820b758-ef91-49f7-8ee9-506a7156fe12","islets",21422,11268,"Islets_HET_non_Inflamed",1,18882.06843,162,280,279,0.23,"P608/P612","46f9277b-9386-4189-ab37-e4d6267b2a2f",2,"2204G0420",NA,"P608/P612",25,"ICPM1001",474068,474158,"PTRM10001"
"82","P608_P612_026_Islets","4ef527db-b32b-49f9-bf20-38fe40228ce4",26,"4d47e863-9f49-44ce-8f78-ba0d68cd8e29","islets",18124,13674,"Islets_HET_non_Inflamed",1,8382.096781,78,280,280,0.19,"P608/P612","46f9277b-9386-4189-ab37-e4d6267b2a2f",2,"2204G0420",NA,"P608/P612",26,"ICPM1001",474068,474158,"PTRM10001"
"83","P608_P612_027_Islets","9e3d8f7f-ee99-4cae-abc7-21e6ce505413",27,"60dc0950-cbb5-475d-ac31-bffdffba11f3","islets",11335,20307,"Islets_HET_non_Inflamed",1,11087.67914,98,280,279,0.19,"P608/P612","46f9277b-9386-4189-ab37-e4d6267b2a2f",2,"2204G0420",NA,"P608/P612",27,"ICPM1001",474068,474158,"PTRM10001"
"84","P608_P612_028_Islets","ee698303-d8f4-4c5b-9a41-713f4c1de3c8",28,"201ba509-2492-4c99-ad3a-067f0c53383b","islets",7213,21037,"Islets_HET_non_Inflamed",1,9706.304511,80,280,280,0.19,"P608/P612","46f9277b-9386-4189-ab37-e4d6267b2a2f",2,"2204G0420",NA,"P608/P612",28,"ICPM1001",474068,474158,"PTRM10001"
"85","P608_P612_029_Islets","32d85465-0f0f-4e38-a30e-bf894bd4721c",29,"e8da16be-3689-4964-be82-90abe22038f5","islets",7650,26902,"Islets_HET_non_Inflamed",1,8560.743345,70,280,280,0.21,"P608/P612","46f9277b-9386-4189-ab37-e4d6267b2a2f",2,"2204G0420",NA,"P608/P612",29,"ICPM1001",474068,474158,"PTRM10001"
"86","P608_P612_030_Islets","48d17bdc-bba9-4196-baf1-6fe509e5ae88",30,"345cf070-9f00-400f-8c33-fd778102dfe1","islets",6656,24127,"Islets_HET_non_Inflamed",1,5277.298898,44,280,279,0.18,"P608/P612","46f9277b-9386-4189-ab37-e4d6267b2a2f",2,"2204G0420",NA,"P608/P612",30,"ICPM1001",474068,474158,"PTRM10001"
"87","P608_P612_031_Islets","6629a8f7-c952-4c14-b89e-7be5f391aae6",31,"788aeea3-d55c-4c81-b026-269361b2d7a7","islets",10365,17526,"Islets_HET_non_Inflamed",1,16821.20167,128,280,280,0.2,"P608/P612","46f9277b-9386-4189-ab37-e4d6267b2a2f",2,"2204G0420",NA,"P608/P612",31,"ICPM1001",474068,474158,"PTRM10001"
"88","P608_P612_032_Islets","2b5e2c77-317a-4531-b009-69edfd5edf45",32,"d5a89578-1e5a-4a93-8207-87432071d8a2","islets",10436,17205,"Islets_HET_non_Inflamed",1,19630.95482,166,280,279,0.18,"P608/P612","46f9277b-9386-4189-ab37-e4d6267b2a2f",2,"2204G0420",NA,"P608/P612",32,"ICPM1001",474068,474158,"PTRM10001"
"89","P608_P612_033_Islets","8151a60a-ddf2-4da7-a8b8-9c6c2bcd4a18",33,"14e53841-0508-4ea8-80e3-25ae0a4d2f65","islets",20067,24834,"Islets_HET_non_Inflamed",1,5979.816586,44,280,280,0.17,"P608/P612","46f9277b-9386-4189-ab37-e4d6267b2a2f",2,"2204G0420",NA,"P608/P612",33,"ICPM1001",474068,474158,"PTRM10001"
