"CodeClass","Target_name_display_name","Accession","P610_P614_001_Islets","P610_P614_002_Islets","P610_P614_003_Islets","P610_P614_004_Islets","P610_P614_005_Islets","P610_P614_006_Islets","P610_P614_007_Islets","P610_P614_008_Islets","P610_P614_009_Islets","P610_P614_010_Islets","P610_P614_011_Islets","P610_P614_012_Islets","P610_P614_013_Islets","P610_P614_014_Islets","P610_P614_015_Islets","P610_P614_016_Islets","P610_P614_017_Islets","P610_P614_018_Islets","P609_P611_001_Islets","P609_P611_002_Islets","P609_P611_003_Islets","P609_P611_004_Islets","P609_P611_005_Islets","P609_P611_006_Islets","P609_P611_007_Islets","P609_P611_008_Islets","P609_P611_009_Islets","P609_P611_010_Islets","P609_P611_011_Islets","P609_P611_012_Islets","P609_P611_013_Islets","P609_P611_014_Islets","P609_P611_015_Islets","P609_P611_016_Islets","P609_P611_017_Islets","P609_P611_018_Islets","P609_P611_019_Islets","P609_P611_020_Islets","P609_P611_021_Islets","P609_P611_022_Islets","P609_P611_023_Islets","P609_P611_024_Islets","P609_P611_025_Islets","P609_P611_026_Islets","P609_P611_027_Islets","P609_P611_028_Islets","P609_P611_029_Islets","P609_P611_030_Islets","P609_P611_031_Islets","P609_P611_032_Islets","P609_P611_033_Islets","P609_P611_034_Islets","P609_P611_035_Islets","P609_P611_036_Islets","P609_P611_037_Islets","P609_P611_038_Islets","P608_P612_001_Islets","P608_P612_002_Islets","P608_P612_003_Islets","P608_P612_004_Islets","P608_P612_005_Islets","P608_P612_006_Islets","P608_P612_007_Islets","P608_P612_008_Islets","P608_P612_009_Islets","P608_P612_010_Islets","P608_P612_011_Islets","P608_P612_012_Islets","P608_P612_013_Islets","P608_P612_014_Full_ROI","P608_P612_015_Islets","P608_P612_016_Islets","P608_P612_017_Islets","P608_P612_018_Full_ROI","P608_P612_019_Full_ROI","P608_P612_020_Full_ROI","P608_P612_021_Islets","P608_P612_022_Islets","P608_P612_023_Islets","P608_P612_024_Full_ROI","P608_P612_025_Islets","P608_P612_026_Islets","P608_P612_027_Islets","P608_P612_028_Islets","P608_P612_029_Islets","P608_P612_030_Islets","P608_P612_031_Islets","P608_P612_032_Islets","P608_P612_033_Islets"
"Endogenous","PanCk","PanCk",15.59001371,32.09708706,11.92177519,34.84826595,27.51178891,17.42413297,28.42884854,24.76061002,25.67766965,29.34590817,42.18474299,11.92177519,6.121106378,4.896885102,7.345327653,14.69065531,1,1.224221276,34.38234593,26.94832519,23.23131482,24.16056741,10.22177852,12.08028371,28.80683037,24.16056741,17.65579926,14.45271289,20.01144861,6.670482871,40.02289722,16.67620718,24.45843719,34.4641615,10.00572431,8.893977161,5.558735725,28.90542577,10.00572431,28.54816388,19.03210925,19.89720513,15.57172575,17.3019175,17.3019175,24.2226845,12.11134225,6.920767001,25.08778038,4.325479376,7.785862876,5.504313927,9.173856545,5.504313927,1.834771309,5.504313927,12.24221276,13.46643403,11.01799148,11.01799148,9.793770204,6.121106378,6.62025555,4.4135037,2.20675185,1.103375925,2.20675185,2.20675185,6.62025555,3.310127775,6.62025555,9.930383325,4.4135037,25.37764627,6.236046261,5.196705217,2.078682087,5.196705217,12.47209252,14.55077461,18.70813878,16.62945669,6.236046261,4.157364174,10.39341043,8.314728347,15.79729408,8.363273334,6.504768149
"Control","GAPDH","GAPDH",477.0052496,95.60021704,80.66268313,212.1129816,109.5419154,113.5252577,266.8839392,235.0172002,218.0879951,52.77928649,210.1213104,28.87923223,50.19358839,22.20101025,35.71466866,83.01247311,25.0967942,27.02731683,175.3846494,140.3077195,144.0000279,100.6154041,49.84616351,133.8461798,180.0000349,125.5384859,86.76924759,76.44153449,187.8647882,53.12038838,86.80648832,41.45981532,54.41600761,67.37219989,27.2080038,54.41600761,23.32114612,220.2552689,106.2407768,101.0647559,169.0891108,131.1898273,276.9563021,161.3148988,249.7465601,140.9075923,92.31876737,41.78638944,108.8389678,111.7542973,36.92750695,50.36880019,37.27291214,30.22128011,33.24340812,23.16964809,69.4988147,103.2829607,29.92310077,43.43675918,42.47149787,60.81146286,46.74194499,21.81290766,19.73548788,24.92903733,14.54193844,7.27096922,20.77419777,17.65806811,11.42580877,31.16129666,21.81290766,248.2516634,88.72665518,30.47178057,52.87750157,119.1984357,167.5947931,37.64161129,199.8590314,66.32093417,92.31157054,93.20779938,32.26423825,34.95292477,49.84616351,49.84616351,22.15385045
"Endogenous","PD-L1","PD-L1",33.87164673,25.40373505,34.93013569,44.45653633,27.52071297,27.52071297,65.62631554,61.39235969,67.74329346,35.98862465,45.51502529,6.350933762,10.53500716,1.053500716,8.42800573,11.58850788,1.053500716,8.42800573,44.19421518,19.99262115,43.14197196,43.14197196,19.99262115,37.88075587,33.671783,24.20159403,18.94037793,15.26864769,44.90778732,10.77786896,39.51885285,9.879713211,12.57418045,20.65758217,9.879713211,10.77786896,4.490778732,41.31516434,19.75942642,41.87050136,19.32484678,33.28168057,20.39844938,16.10403899,25.76646238,41.87050136,20.39844938,20.39844938,25.76646238,16.10403899,4.294410396,2.961185097,6.909431892,2.961185097,3.948246796,5.922370193,15.80251074,25.28401719,14.74901003,4.214002865,8.42800573,9.481506447,19.78135405,2.967203107,2.967203107,1,5.934406214,1.978135405,2.967203107,2.967203107,1.978135405,5.934406214,7.912541619,28.68296337,9.252340485,4.626170242,6.476638339,18.50468097,14.80374478,14.80374478,11.10280858,12.02804263,12.95327668,13.87851073,7.401872388,5.551404291,10.52243219,14.73140506,6.313459312
"Endogenous","CD11b","CD11b",462.4556409,399.653023,357.7846111,327.3348569,304.4975413,285.466445,620.4137405,407.2654615,1039.09786,228.373156,209.3420597,53.28706973,52.87017777,21.94611153,53.86772829,160.6056344,26.93386415,42.89467253,471.963306,385.6715075,270.3222667,251.831167,750.2103297,613.7284035,250.9506384,224.5347818,184.0304682,172.7948505,210.7916239,387.2052147,192.6979223,115.7996904,89.56382303,141.1308727,62.4232706,94.99193352,40.71082865,337.4475353,114.8950053,411.2393927,163.5393864,209.4451791,187.4486534,231.4417047,210.4015498,219.0088859,148.2374555,84.1606199,416.0212461,374.8973068,100.4189215,58.84731036,64.54221137,40.81345719,67.38966187,47.45750836,301.2602582,323.2063698,152.6252302,168.5860385,171.5786901,172.5762406,162.8627985,81.43139923,28.07979284,43.99167545,22.46383427,17.7838688,25.27181355,42.11968926,29.01578593,53.35160639,35.56773759,177.838688,118.3633568,71.01801408,64.3896661,104.159754,149.611283,139.1953076,178.9653955,88.06233746,110.788102,104.159754,89.95615117,57.76131812,165.5393685,132.959812,66.0396417
"Endogenous","MHC II","MHC II",54.24018746,48.3230761,50.29544656,24.65463067,56.21255792,82.83955903,65.08822496,27.61318634,86.78429994,38.46122384,18.73751931,4.930926133,7.99149893,0.998937366,4.994686831,9.989373662,1,1,16.13088743,10.75392495,25.80941988,33.33716735,68.82511969,68.82511969,11.82931745,16.13088743,6.452354971,10.97636955,7.982814215,42.90762641,30.93340508,8.980665992,8.980665992,6.984962438,2.993555331,6.984962438,2.993555331,21.95273909,9.978517769,41.54432474,11.4246893,12.46329742,20.77216237,13.50190554,10.38608119,7.27025683,3.115824356,6.231648711,41.54432474,51.93040593,2.077216237,2.954894066,1,1,0.984964689,1.969929377,43.95324411,28.96918362,17.98087259,52.94368041,6.992561563,10.98831103,8.559899066,5.706599377,0.951099896,4.755499481,1.902199792,0.951099896,0.951099896,1,0.951099896,0.951099896,4.755499481,7.60879917,4.91520824,4.91520824,4.91520824,3.932166592,5.898249888,4.91520824,5.898249888,1.966083296,1.966083296,6.881291536,4.91520824,1.966083296,2.15078499,3.226177485,1.075392495
"Endogenous","F4/80","F4/80",32.81105969,29.99868314,27.1863066,17.81171812,31.87360084,14.99934157,16.87425927,17.81171812,37.49835393,15.93680042,26.24884775,0.937458848,13.47182514,0.962273224,1.924546448,13.47182514,1.924546448,2.886819672,32.39642905,38.4707595,15.18582612,24.29732179,21.26015656,29.35926383,20.24776816,17.21060293,12.14866089,2.310324055,16.17226839,16.17226839,17.32743041,5.775810138,1.155162028,16.17226839,3.465486083,11.55162028,6.930972165,23.10324055,11.55162028,21.90011434,9.521788843,13.33050438,10.47396773,8.569609959,17.13921992,21.90011434,14.28268326,5.713073306,33.32626095,15.23486215,2.856536653,3.432817298,8.009907028,3.432817298,3.432817298,3.432817298,14.43409836,16.35864481,7.698185793,14.43409836,10.58500546,15.39637159,6.496692189,6.496692189,1.856197768,2.784296652,3.712395537,0.928098884,3.712395537,1.856197768,2.784296652,6.496692189,0.928098884,15.77768103,4.848277327,2.908966396,5.817932793,6.787588258,7.757243723,10.66621012,7.757243723,6.787588258,6.787588258,10.66621012,11.63586559,4.848277327,13.1610493,10.12388408,6.074330447
"Endogenous","CD19","CD19",12.22459669,3.333980917,8.890615778,13.33592367,5.556634861,3.333980917,14.44725064,11.11326972,24.44919339,4.445307889,21.11521247,1.111326972,2.014619637,1.007309818,1.007309818,6.04385891,1,1,8.969137342,5.979424894,9.965708157,8.969137342,23.91769958,10.96227897,10.96227897,9.965708157,2.989712447,1.034002845,6.204017071,4.136011381,7.238019916,3.102008535,2.06800569,6.204017071,2.06800569,6.204017071,2.06800569,9.306025606,5.170014226,8.951405781,5.370843469,5.370843469,5.370843469,4.475702891,6.265984047,8.951405781,1.790281156,3.580562313,10.74168694,7.161124625,1,1.029610616,1,1.029610616,4.118442466,2.059221233,6.04385891,6.04385891,3.021929455,4.029239273,4.029239273,3.021929455,3.927671349,0.981917837,1.963835674,0.981917837,0.981917837,0.981917837,1,1.963835674,1.963835674,2.945753511,1,9.819178371,4.88750339,3.910002712,1.955001356,5.865004068,4.88750339,2.932502034,3.910002712,2.932502034,3.910002712,2.932502034,9.775006779,0.977500678,0.996570816,0.996570816,1.993141631
"Negative","Rt IgG2b","Rt IgG2b",14.56616977,2.913233953,7.768623875,7.768623875,5.826467906,0.971077984,13.59509178,6.797545891,18.4504817,3.884311938,7.768623875,3.884311938,2.168628582,2.168628582,5.421571454,4.337257163,1.084314291,3.252942872,3.928544859,3.928544859,3.928544859,8.839225932,4.910681073,8.839225932,7.857089717,1.964272429,3.928544859,1.966270639,4.915676598,8.848217876,7.865082556,2.949405959,0.98313532,7.865082556,1.966270639,5.898811917,0.98313532,9.831353195,0.98313532,7.520341553,6.580298859,3.760170776,9.400426941,4.70021347,6.580298859,7.520341553,10.34046964,5.640256165,4.70021347,2.820128082,2.820128082,2.216186267,1.108093134,2.216186267,2.216186267,1,10.84314291,11.9274572,2.168628582,4.337257163,2.168628582,6.505885745,1.818059456,1,1,6.363208096,1,1,1.818059456,3.636118912,1.818059456,2.727089184,1.818059456,6.363208096,5.300772004,4.240617603,2.120308802,4.240617603,6.360926405,3.180463202,3.180463202,1.060154401,6.360926405,3.180463202,4.240617603,1.060154401,0.982136215,4.910681073,2.946408644
"Positive","HYB-POS","HYB-POS",879.2245845,770.046147,864.7318715,1005.794277,775.8432322,896.61584,1024.151714,1191.301003,1038.644427,993.2339262,1107.243268,1156.518492,865.8663043,702.1067655,649.1545792,933.5274312,727.6022625,776.6320646,829.1132128,733.2293719,756.9183208,978.0151775,1158.502408,993.8078102,1157.374362,1137.069549,1079.539244,1056.089558,797.6255342,798.5519286,1006.064263,837.4604912,896.7497295,990.3155588,1167.256879,954.1861792,1094.071726,1157.992936,1159.845725,1157.585466,962.9913576,944.030906,1262.366909,906.1100028,1040.829001,1259.373154,1452.969344,1167.564651,1286.316953,1306.275323,1279.331524,1263.514669,1029.598688,983.5522347,1226.677506,805.8129264,977.654253,1056.101936,845.2737875,798.2051775,959.0229282,907.0513381,655.8327724,562.9141259,600.7298541,707.6943425,566.155474,622.3388417,762.7972608,800.612989,682.8440068,770.3604064,773.6017546,864.3595023,964.0930678,833.3334052,794.9357265,984.8485698,764.8402486,838.5222807,1061.643927,1092.77718,991.0752204,1105.230481,1139.47706,1057.492827,764.8146371,656.5222991,673.4429769
"Endogenous","CD11c","CD11c",58.80415832,65.10460386,49.35349002,38.85274746,86.10608897,21.00148511,58.80415832,40.95289597,59.85423258,25.20178214,34.65245044,12.60089107,10.76233307,5.381166537,7.174888716,13.45291634,3.587444358,3.587444358,72.4039273,29.57343509,56.08754931,29.57343509,89.7400789,72.4039273,31.61298234,30.59320872,22.43501973,19.99130312,25.70310401,51.40620802,18.08736949,12.3755686,23.79917038,24.75113719,4.759834076,15.23146904,7.615734521,34.27080535,17.13540267,51.13531562,23.6009149,22.61754345,17.70068618,26.55102926,16.71731472,32.45125799,20.65080054,15.73394327,54.08542998,59.9856587,4.916857271,4.429589073,4.429589073,6.64438361,1.107397268,5.536986342,89.68610895,43.94619338,27.80269377,34.0807214,31.39013813,27.80269377,17.04545842,3.008022075,2.00534805,5.013370124,2.00534805,4.0106961,2.00534805,2.00534805,1.002674025,8.021392199,2.00534805,29.07754672,16.37333682,17.39667038,5.116667758,13.30333617,15.35000327,11.25666907,20.46667103,14.32666972,12.28000262,8.186668412,9.210001964,8.186668412,12.23728349,9.177962615,4.079094496
"Endogenous","CD45","CD45",730.8900386,2078.436956,1850.98155,1179.735374,2142.12447,1185.800851,1964.203797,1485.031074,3668.602974,494.3364162,97.04763998,18.1964325,32.6562645,9.480850983,13.69456253,38.97683182,4.213711548,6.320567322,899.6707978,168.239465,557.0367653,351.866686,2496.919865,2317.396046,85.14558291,95.40408688,66.68027577,311.1687657,156.5690941,1035.916271,122.1041992,40.37316264,58.09796575,89.60872683,16.74009183,31.51076108,3.938845135,149.6761151,24.6177821,762.941005,66.92464956,127.1568342,102.2991072,120.4643692,37.28659047,117.5961699,70.74891525,56.40791892,2002.003088,1935.078439,15.29706276,15.54763218,7.77381609,3.886908045,4.858635056,17.4910862,2016.260976,1292.556017,884.8794251,711.0638237,981.7947907,671.033564,642.5474604,172.1658267,7.173576113,21.52072834,2.049593175,5.123982938,4.09918635,14.34715223,8.198372701,30.74389763,10.24796588,47.14064303,18.74665236,19.73331828,11.83999097,20.71998419,39.46663656,27.62664559,57.22662301,19.73331828,15.78665462,39.46663656,24.66664785,11.83999097,35.90476388,30.7755119,7.180952776
"Endogenous","CD4","CD4",37.82036462,32.84400085,40.80618288,15.92436405,61.70691069,21.89600057,67.67854721,46.7778194,74.64545648,19.90545506,11.94327304,1.990545506,1.094543898,1.094543898,1.094543898,5.47271949,1.094543898,2.189087796,18.46659147,12.92661403,12.00328446,10.15662531,125.572822,129.2661403,10.15662531,6.463307015,9.233295735,5.879680575,6.859627338,56.83691223,5.879680575,4.899733813,2.939840288,3.91978705,1,1.959893525,0.979946763,7.8395741,0.979946763,10.62322411,4.828738233,5.79448588,4.828738233,4.828738233,2.89724294,9.657476466,3.862990586,3.862990586,59.87635409,49.25312998,1,1.216337229,1,1.216337229,1,2.432674458,33.93086084,37.21449253,22.98542186,14.22907067,12.03998288,20.79633406,14.50513669,4.532855214,0.906571043,2.719713129,1.813142086,0.906571043,0.906571043,1.813142086,1,1.813142086,1,2.719713129,5.940770672,1.980256891,1.980256891,8.911156008,3.960513781,1.980256891,9.901284453,4.950642227,3.960513781,2.970385336,3.960513781,1.980256891,4.616647868,2.769988721,0.923329574
"Control","S6","S6",9526.364218,3271.253729,2731.210406,7531.491143,5014.419655,4801.219943,13516.11037,10834.67787,11833.99282,8001.094033,10065.46834,2216.525639,2134.908765,1180.714801,3160.266355,5883.527912,1711.936231,1803.145948,10685.82931,11225.68741,7830.043005,6939.382178,2689.837711,7055.966319,9521.038208,6908.923258,5336.612812,5013.134109,7629.829743,2448.203983,6293.061647,3405.358359,2699.926449,5218.166118,2273.622273,3909.818301,1415.938871,10336.86126,3781.927048,7909.601588,6254.622731,7662.014316,6768.061911,9657.933023,12327.61382,7371.809562,4769.099097,3044.105807,5921.800496,4872.598695,3127.311366,1271.448902,2208.629787,1317.590193,2056.876208,1631.350971,3581.234281,5041.592061,1798.134425,2941.763956,3390.79641,2984.863053,5127.822601,1667.121542,936.3682084,1733.729178,978.8426426,700.8281642,1495.293149,1528.114303,1118.81521,2044.56481,1413.240265,6403.020955,3239.836638,2536.04814,3311.119068,3602.272655,4538.984022,3893.426241,6001.779802,2994.866034,3930.573423,3817.123922,2854.30913,1673.631136,4294.707693,3774.805441,2140.526847
"Endogenous","GZMB","GZMB",282.3009492,148.3102813,234.2279615,321.1684712,181.0408261,132.9678384,392.7665381,333.4424256,374.3556066,212.7485415,413.2231286,63.41543063,106.0289428,48.55531024,80.2649006,186.2938434,38.64606325,56.48270783,413.5990372,378.8771427,236.9258682,234.8834038,146.0362033,311.4758181,415.6415016,389.0894646,241.010797,144.0472037,238.7631732,101.6223423,356.1715104,136.1542062,168.7128207,189.4319391,79.91659929,136.1542062,38.47836262,449.9008553,97.67584358,776.9102589,328.3227565,454.6007397,242.9347868,313.8909869,342.754526,488.2748686,318.7015768,233.3136072,387.252482,181.5997664,108.2382714,39.7570035,47.51446759,64.96876181,29.09049036,96.96830121,241.7856265,230.8854548,126.8383614,64.41010542,63.41918072,81.2558253,159.8218997,35.72489523,31.02425112,59.22811578,30.0841223,21.6229629,39.48541052,61.10837343,41.36566817,101.5339128,55.46760049,177.6843473,60.79196023,50.65996686,46.97560563,72.76613421,101.3199337,69.08177299,250.5365634,79.21376636,81.97703728,86.58248881,67.23959237,35.92252195,119.4841663,99.05952249,58.21023486
"Endogenous","Fibronectin","Fibronectin",76.47461021,28.22277281,10.92494432,38.2373051,21.84988863,13.65618039,40.05812916,38.2373051,46.43101334,31.86442092,26.40194876,3.641648105,9.342041062,1,7.266031937,20.76009125,2.076009125,1.038004562,34.4986338,60.63396244,11.4995446,21.95367605,18.81743662,41.81652582,26.13532864,22.9990892,10.45413145,12.08550843,18.12826264,19.13538834,27.19239396,9.06413132,13.09263413,18.12826264,6.042754214,9.06413132,7.049879916,22.15676545,9.06413132,42.04814335,15.64582078,17.60154838,28.35805017,18.57941218,20.53513978,20.53513978,16.62368458,10.75650179,26.40232257,16.62368458,6.845046593,5.58572419,1.861908063,4.654770159,4.654770159,5.58572419,14.53206387,18.68408212,11.41805019,17.64607756,12.45605475,4.15201825,10.83163358,3.249490073,2.166326715,4.33265343,3.249490073,5.415816788,4.33265343,3.249490073,1.083163358,7.582143503,2.166326715,16.24745036,17.68281076,3.120496016,8.32132271,9.361488049,14.56231474,10.40165339,29.12462949,5.200826694,12.48198407,8.32132271,5.200826694,10.40165339,16.72661033,9.408718309,3.136239436
"Negative","HYB-NEG","HYB-NEG",4,1,2,1,2,1,3,3,4,1,2,1,1,2,1,1,1,1,2,2,2,1,2,1,1,1,1,1,1,1,1,1,1,2,1,1,1,1,1,1,1,1,2,1,1,1,1,1,1,2,2,2,1,2,1,1,5,1,1,1,2,1,1,2,1,1,2,2,1,1,1,1,1,1,1,1,2,2,2,2,2,1,4,1,1,2,1,1,1
"Endogenous","CD3e","CD3e",51.82464694,21.11374505,21.11374505,41.26777441,31.67061757,23.03317642,72.93839199,68.13981357,69.09952925,17.27488231,54.70379399,10.55687252,7.016228044,6.013909752,6.013909752,15.03477438,4.009273168,9.020864628,52.76344129,21.72612288,49.65970945,26.89900928,21.72612288,23.79527744,44.48682305,35.17562752,30.00274112,10.58973687,44.47689487,20.12050006,23.29742112,14.82563162,13.76665794,26.47434218,10.58973687,13.76665794,3.176921062,66.7153423,18.00255269,37.5437297,21.97681739,44.8693355,36.62802898,27.47102173,53.11064202,32.04952536,22.89251811,17.39831377,28.38672246,19.22971521,6.409905071,11.52801277,6.288006963,5.240005803,7.336008124,7.336008124,24.05563901,25.0579573,7.016228044,9.020864628,14.03245609,13.0301378,12.67396069,2.924760159,2.924760159,5.849520318,2.924760159,0.974920053,5.849520318,6.824440371,2.924760159,6.824440371,10.72412058,45.82124249,14.38855157,12.33304421,9.249783155,21.58282736,27.74934946,9.249783155,23.63833473,10.27753684,15.41630526,10.27753684,7.194275787,4.111014735,16.55323648,11.38035008,3.10373184
"Endogenous","CD8a","CD8a",40.35609837,67.57300192,61.94191843,32.84798704,45.98718186,25.33987572,62.88043234,49.74123752,96.6669333,24.4013618,42.2331262,5.631083493,13.03407915,2.369832573,5.924581432,13.03407915,3.554748859,2.369832573,34.57594957,33.55900987,24.40655263,27.45737171,65.08414036,70.16883883,17.28797478,25.42349233,14.2371557,26.25414968,27.39563445,18.2637563,21.6882106,13.69781722,14.83930199,15.98078676,9.131878149,19.40524107,3.424454306,26.25414968,3.424454306,30.31102674,21.78605047,19.8916113,22.73327006,20.83883089,14.20829379,26.5221484,16.10273296,5.683317514,27.46936799,30.31102674,6.6305371,3.795608331,2.846706248,3.795608331,0.948902083,1.897804166,42.65698631,54.50614917,36.73240488,8.294414004,17.77374429,14.21899544,10.94173404,7.294489361,2.73543351,5.470867021,3.647244681,0.91181117,0.91181117,0.91181117,2.73543351,3.647244681,3.647244681,18.2362234,6.878336624,5.895717106,4.913097589,17.68715132,22.60024891,19.65239035,22.60024891,12.77405373,13.75667325,17.68715132,10.80881469,7.860956142,15.2540954,18.30491448,4.067758772
"Endogenous","Ki-67","Ki-67",19.85405698,8.359602937,8.359602937,12.53940441,17.76415624,9.404553305,25.07880881,18.80910661,26.12375918,10.44950367,11.49445404,6.269702203,4.126541153,3.094905864,1.031635288,4.126541153,1,2.063270576,12.50554914,2.679760529,10.71904212,10.71904212,10.71904212,6.252774568,15.18530967,8.932535098,7.146028078,10.69951545,12.83941854,8.559612359,4.279806179,7.489660814,7.489660814,5.349757724,3.209854634,4.279806179,1,8.559612359,7.489660814,14.00761311,3.001631381,6.003262763,12.00652553,13.00706932,11.00598173,5.002718969,2.001087588,3.001631381,14.00761311,8.00435035,6.003262763,3.09588182,2.063921213,1.031960607,1,1,14.44289403,3.094905864,4.126541153,7.221447017,4.126541153,4.126541153,8.52332216,2.841107387,0.947035796,0.947035796,1.894071591,0.947035796,3.788143182,1,0.947035796,3.788143182,3.788143182,11.36442955,1,4.042432638,7.074257117,5.053040798,7.074257117,4.042432638,16.16973055,3.031824479,1.01060816,3.031824479,11.11668976,4.042432638,4.466267549,4.466267549,4.466267549
"Endogenous","PD-1","PD-1",7.986815667,6.988463708,4.991759792,0.998351958,12.97857546,1.996703917,5.99011175,6.988463708,7.986815667,1.996703917,7.986815667,2.995055875,1.006431069,1.006431069,4.025724277,1.006431069,1,5.032155347,8.48663536,6.600716391,7.543675876,3.771837938,15.08735175,9.429594845,5.657756907,2.828878453,2.828878453,2.216412074,6.649236222,6.649236222,4.432824148,2.216412074,2.216412074,3.324618111,4.432824148,3.324618111,1.108206037,11.08206037,4.432824148,9.759548639,4.337577173,3.25318288,3.25318288,1,2.168788586,2.168788586,1.084394293,1.084394293,3.25318288,4.337577173,1.084394293,0.952146026,3.808584106,1.904292053,1.904292053,2.856438079,2.012862139,2.012862139,3.019293208,2.012862139,3.019293208,2.012862139,1.963645701,0.98182285,1,1,1,0.98182285,0.98182285,1,2.945468551,2.945468551,1.963645701,5.890937102,2.874504411,0.958168137,0.958168137,0.958168137,2.874504411,1,4.790840685,0.958168137,0.958168137,1,1.916336274,0.958168137,3.771837938,1.885918969,1.885918969
"Endogenous","SMA","SMA",8461.500553,929.3353142,1104.80422,1675.403105,2195.310973,829.2530496,4300.937839,3257.222794,4105.972388,827.9532799,2169.31558,309.3451815,332.6732759,155.2475288,271.974994,875.4559893,82.87650032,63.03283123,1676.760155,5150.457815,1014.830947,1002.431697,1002.431697,1408.745591,828.8421928,1772.139004,970.0028885,202.6270073,519.9834618,1979.082962,1039.966924,259.9917309,1145.443996,788.3023299,266.4683932,782.7509051,70.31804821,1477.60425,238.7112689,3142.47616,701.4692357,660.8299601,2799.692705,1029.233828,565.4160086,748.2927489,898.4813762,401.0919811,2033.730706,921.4514015,207.6136907,179.9140665,73.09008952,163.0471228,131.1873402,147.1172315,1194.121969,668.8483758,331.5060013,1871.141268,1361.042245,987.514356,409.166274,138.4244111,103.8183083,212.7257494,172.0126873,59.03394002,70.2300321,222.9040149,86.51525693,960.8282652,296.1875267,651.4089934,662.5136038,352.5215039,96.39998229,354.4116996,509.4077495,521.6940218,1050.948827,320.3881764,319.4430786,323.22347,197.5254539,111.5215481,280.4138144,197.4342162,130.6690223
"Negative","Rt IgG2a","Rt IgG2a",25.6152489,12.80762445,9.85201881,11.82242257,18.71883574,8.866816929,8.866816929,17.73363386,22.65964326,6.896413167,21.67444138,4.926009405,2.869766795,1,1.913177863,9.565889316,0.956588932,0.956588932,15.22027064,17.24964006,17.24964006,13.19090122,12.17621651,17.24964006,9.132162384,16.23495535,8.117477674,5.609152292,11.21830458,4.206864219,8.413728438,4.206864219,11.21830458,7.011440365,9.81601651,8.413728438,2.804576146,16.82745688,5.609152292,13.19516299,5.497984579,14.29475991,18.69314757,8.796775326,15.39435682,14.29475991,8.796775326,5.497984579,10.99596916,12.09556607,3.298790747,2.653376753,3.537835671,1.768917835,3.537835671,1,10.52247825,6.696122521,1,4.782944658,8.609300384,3.826355726,2.689332773,1.792888515,0.896444258,2.689332773,1,0.896444258,2.689332773,0.896444258,1.792888515,2.689332773,4.482221288,9.860886834,0.9271645,4.635822502,0.9271645,8.344480503,12.0531385,6.490151503,8.344480503,5.562987002,6.490151503,3.708658002,9.271645004,4.635822502,8.117477674,8.117477674,2.029369419
"Endogenous","CTLA4","CTLA4",93.44561849,35.15775745,28.68132845,82.34316877,169.3123583,48.11061546,158.2099085,75.86673977,98.99684335,53.66184032,261.8327726,35.15775745,53.68657023,21.27203726,32.41453297,36.46634959,16.20726649,27.34976219,57.25686965,59.19778049,109.6614622,133.9228477,39.78867213,106.750096,57.25686965,154.3024114,127.1296597,61.17462182,276.2416517,58.30706142,161.5392357,24.85219011,94.62949313,91.76193273,21.98462972,12.42609506,4.77926733,52.57194063,35.36657824,316.2958405,134.9797536,175.2722174,87.63610868,96.70191303,51.3728913,111.8115869,82.59955071,33.2412826,145.0528695,54.39482608,17.1242971,10.97570763,16.46356145,11.89034994,12.80499224,13.71963454,90.15291983,68.88088257,40.51816621,44.56998284,39.50521206,24.31089973,26.621818,13.88964417,3.472411043,12.73217382,4.629881391,4.629881391,1.157470348,27.77928834,10.41723313,37.03905113,17.36205522,53.24363599,43.14368301,34.29369676,11.06248282,45.35617958,65.26864866,45.35617958,76.33113149,27.65620706,16.59372424,39.82493817,12.16873111,11.06248282,30.08411795,33.96593963,10.6750096
"Control","Histone H3","Histone H3",6848.081303,4153.701461,3518.467345,4809.323159,4152.628431,3340.344265,6148.465351,5084.018993,7403.911155,2024.808746,5414.512419,952.8511748,941.6338028,421.8602767,624.9781877,2058.261498,526.023308,493.7327683,3362.62641,2640.739684,4228.890481,4269.86243,1754.965161,3387.989998,2449.537254,3415.30463,2454.414867,2267.943122,3508.748506,1337.578622,1986.246765,1453.514878,2026.489102,2051.401025,988.8117036,938.987858,543.2715464,3660.136345,1431.477408,1836.510615,2484.925552,2405.120637,2928.840394,1977.166778,2161.715645,2930.835516,1877.410634,732.2100984,2366.21574,2282.420579,688.3173949,665.4857502,458.2511525,546.7879994,367.7684409,240.3142987,3832.157921,3918.613237,1931.1826,1905.141842,1893.683909,1450.991026,1953.605004,525.5622159,309.6747063,585.7275874,283.1311601,154.8373532,203.5005213,391.9596997,251.2789046,780.3802599,650.3168833,3564.798262,1791.534686,883.1831275,1121.139203,2042.074977,2501.970855,1565.018806,3906.826918,1570.738904,1911.656744,1510.105866,1052.498028,560.5696016,1684.727534,1414.507773,543.3660894
"Negative","Rb IgG","Rb IgG",10.50439474,5.25219737,3.151318422,7.353076318,1,1.050439474,12.60527369,3.151318422,10.50439474,4.201757896,7.353076318,1.050439474,3.072571447,1,1.024190482,4.096761929,1,1.024190482,5.830533736,17.49160121,2.915266868,8.745800605,3.887022491,9.717556227,4.858778114,4.858778114,1.943511245,3.035646981,3.035646981,2.023764654,3.035646981,5.059411635,2.023764654,9.106940943,2.023764654,2.023764654,2.023764654,3.035646981,4.047529308,9.62696939,1.925393878,4.813484695,2.888090817,5.776181634,7.701575512,5.776181634,2.888090817,0.962696939,3.850787756,5.776181634,0.962696939,0.993965702,1.987931404,1,0.993965702,1,2.048380965,7.169333377,3.072571447,6.145142894,1,1,6.799470154,0.971352879,1,1.942705758,1.942705758,1,1,1.942705758,0.971352879,1.942705758,0.971352879,3.885411516,5.137691032,1.027538206,2.055076413,6.165229238,1.027538206,6.165229238,7.192767445,3.082614619,1.027538206,4.110152826,1.027538206,1.027538206,2.915266868,5.830533736,2.915266868
"Endogenous","BatF3","BatF3",94.5230936,53.34471619,43.05012184,105.7535602,71.12628825,50.53709955,146.9319376,126.3427489,129.1503655,71.12628825,122.59926,34.62727191,33.57091532,17.29410789,32.55361486,63.07262879,16.27680743,33.57091532,133.4634483,109.8415991,96.84958197,109.8415991,53.14916084,87.40084227,93.30630458,111.0226915,95.66848951,78.0210452,94.02536216,34.00917355,110.0296791,45.01214146,33.00890374,85.02293387,35.00944336,59.0159188,20.0053962,147.0396621,44.01187165,138.2311622,82.73690001,103.9256183,71.63804757,80.71892684,91.81777928,101.9076451,69.6200744,42.37743659,71.63804757,54.48527562,33.29655732,8.457857962,21.6145259,20.67476391,13.15666794,11.27714395,67.14183064,51.88232368,22.38061021,43.74391996,40.69201857,34.58821579,68.176991,26.06767303,10.02602809,20.05205618,13.03383651,12.03123371,18.04685056,27.07027584,18.04685056,32.08328988,15.03904213,89.23164998,26.74770544,17.1949535,34.38990699,39.16628296,40.12155816,60.18233723,71.64563956,43.94265893,63.04816282,32.4793566,39.16628296,9.552751942,63.77899301,47.24369852,22.4407568
"Endogenous","CD34","CD34",914.0197574,226.2756229,124.841723,435.8313721,412.4235491,492.6789424,280.8938767,201.7531416,406.8502579,160.5107867,305.416358,43.47167139,58.13845099,33.35812762,40.9828425,188.7116934,20.01487657,11.43707233,454.2112891,331.2370536,244.9567433,263.7995697,718.0108588,805.2828969,215.2049121,201.3207242,172.5606208,106.3725511,113.2038159,1025.665607,249.8291108,46.84295828,129.7940302,211.7692072,30.25274389,74.16801728,9.758949642,309.3587037,72.21622735,801.9878239,127.9877608,149.6631074,200.2389161,206.4318723,170.3062946,272.4900714,444.8606848,117.6661672,683.2894973,223.9785814,82.57274892,40.93689553,23.80052065,20.94445818,21.896479,158.987478,248.7563231,172.5091742,27.63959145,299.2700592,188.7116934,319.2849358,97.45870864,40.77354137,15.9116259,47.7348777,18.89505576,8.950289569,11.93371943,15.9116259,22.87296223,119.3371943,70.60783993,112.3758579,44.30270271,25.17199017,18.12383293,42.28894349,55.37837838,160.0938575,126.8668305,26.17886978,59.40589681,46.31646192,60.41277642,33.22702703,37.68565281,34.71046969,10.90900476
"Endogenous","CD28","CD28",4.630888835,15.74502204,12.96648874,12.04031097,15.74502204,9.261777671,24.08062194,12.96648874,33.34239962,12.04031097,2.778533301,2.778533301,1,1,1.963626758,1.963626758,0.981813379,1.963626758,5.149715691,5.149715691,11.32937452,7.209601967,45.31749808,20.59886276,5.149715691,4.119772552,5.149715691,2.11184608,1,10.5592304,2.11184608,1.05592304,2.11184608,1.05592304,3.16776912,1.05592304,3.16776912,4.223692161,1,11.94680498,0.995567082,4.977835408,2.986701245,1.991134163,3.982268326,0.995567082,0.995567082,0.995567082,9.955670815,20.90690871,2.986701245,1.045390856,1,1,2.090781711,1,2.945440137,9.81813379,7.854507032,3.927253516,1.963626758,2.945440137,6.248507433,1.785287838,1,1.785287838,0.892643919,1,1.785287838,0.892643919,1,0.892643919,0.892643919,3.570575676,1.11488517,2.229770341,1.11488517,4.459540682,3.344655511,6.689311023,4.459540682,1,1,1.11488517,1.11488517,1.11488517,3.089829414,3.089829414,1.029943138
"Endogenous","CD14","CD14",96.2267999,113.629519,93.15573182,97.25048927,140.2454424,62.445051,169.9324339,99.29786799,173.003502,78.82408077,101.3452467,20.47378721,19.10413254,5.210217967,19.10413254,60.78587628,13.02554492,17.36739322,123.8212619,98.36268472,70.58969138,79.84735583,108.7775572,138.8649667,76.37573166,102.9915169,65.96085916,57.9265535,65.57723038,65.57723038,75.41381493,32.78861519,40.43929207,107.1094763,13.11544608,37.16043055,14.20839991,84.15744565,25.13793831,147.2061478,52.90220938,59.80249756,43.70182514,54.05225741,52.90220938,85.10355422,66.70278574,27.60115272,83.95350619,66.70278574,17.25072045,17.76009105,13.81340415,15.7867476,8.880045527,20.72010623,70.33794255,51.23381001,14.76228424,57.31239763,47.76033136,26.9194595,51.44658721,21.79940136,6.103832381,16.56754503,9.591736599,5.231856327,7.84778449,8.719760545,8.719760545,22.67137742,10.46371265,54.93449143,30.24890913,19.85084662,18.90556821,27.4130739,43.48280688,38.75641483,61.44309668,33.08474436,34.03002277,39.70169324,27.4130739,6.616948873,46.28832222,32.40182555,8.100456388
"Endogenous","CD31","CD31",178.8655566,77.68908013,58.7184908,56.911768,142.7311007,41.55462426,109.306729,111.1134518,102.9831992,89.43277829,157.1848831,25.29411911,28.12057608,6.78772526,25.21155097,66.90757756,9.696750372,8.727075335,130.1987233,219.7103456,71.2024268,92.56315484,149.5250963,137.318966,148.5079188,103.7521076,62.04782907,35.90142641,75.16861154,56.09597876,111.0700379,39.26718513,53.85213961,115.5577162,41.51102428,71.80285281,10.09727618,133.5084294,31.41374811,205.6373872,67.91693524,102.8186936,55.65415526,71.69009831,67.91693524,123.5710905,106.5918567,46.22124759,83.95287828,66.97364447,31.12859532,15.84125622,21.12167495,13.72908872,11.61692122,11.61692122,87.27075335,55.27147712,35.87797638,51.39277697,54.30180208,51.39277697,38.50901877,7.487864761,7.487864761,16.04542449,3.209084898,4.278779864,3.209084898,7.487864761,10.69694966,37.43932381,11.76664463,68.46047782,29.69285568,15.32534487,15.32534487,23.94585136,33.5241919,71.83755407,64.17488163,22.9880173,22.03018325,36.39769406,24.90368541,23.94585136,33.56685835,29.49814825,8.137420206
"Endogenous","Ly6G/Ly6C","Ly6G/Ly6C",57.68705256,21.15191927,14.42176314,34.61223154,36.53513329,22.11337015,44.22674029,38.45803504,36.53513329,29.80497716,42.30383854,14.42176314,8.161076542,1,11.22148025,16.32215308,4.080538271,10.20134568,58.43774065,32.59027844,20.22844869,30.34267303,15.73323787,21.35225139,34.83788385,26.97126492,28.09506762,20.58558441,45.2882857,7.204954543,22.64414285,13.38062987,19.55630519,25.73198051,11.32207142,14.40990909,4.117116882,52.49324024,20.58558441,40.22488727,25.5084651,51.01693019,33.35722359,44.14926651,43.1681717,28.45174953,32.37612878,11.77313774,25.5084651,22.56518066,13.73532736,6.061289477,5.051074564,5.051074564,4.040859651,4.040859651,21.42282592,20.40269136,7.140941975,10.20134568,17.34228765,22.44296049,16.39518002,7.172891259,3.074096254,9.222288762,5.123493757,4.098795005,7.172891259,3.074096254,5.123493757,9.222288762,6.148192508,43.03734756,23.04901644,36.34652593,9.751506955,15.07051075,16.84351201,19.50301391,24.8220177,14.18401012,27.4815196,16.84351201,13.29750948,7.092005059,15.73323787,22.4760541,6.742816229
"Endogenous","FOXP3","FOXP3",2.213816245,4.427632489,2.213816245,2.213816245,4.427632489,4.427632489,2.213816245,4.427632489,1.106908122,1.106908122,4.427632489,2.213816245,1,2.158080188,2.158080188,1,1,2.158080188,0.954464493,0.954464493,1.908928985,2.863393478,0.954464493,3.81785797,2.863393478,1,0.954464493,6.158627394,1.026437899,3.079313697,5.132189495,1.026437899,1,2.052875798,2.052875798,6.158627394,2.052875798,3.079313697,1.026437899,1.848255925,2.772383888,0.924127963,5.544767776,1.848255925,1.848255925,1.848255925,0.924127963,1,0.924127963,0.924127963,1,1.892285576,0.946142788,0.946142788,1.892285576,1,1,1.079040094,1,3.237120283,1,2.158080188,4.187739891,5.234674864,2.093869945,9.422414755,1.046934973,4.187739891,4.187739891,1,1.046934973,3.140804918,6.281609836,5.234674864,8.576931105,2.858977035,2.858977035,4.764961725,2.858977035,0.952992345,3.81196938,1.90598469,2.858977035,4.764961725,3.81196938,1,3.81785797,1,1
"Endogenous","CD163","CD163",13.26710064,3.061638609,4.082184812,18.36983165,6.123277218,3.061638609,7.143823421,12.24655444,30.61638609,8.164369624,17.34928545,5.102731015,3.781998756,0.945499689,2.836499067,10.40049658,1.890999378,0.945499689,7.27535639,13.64129323,5.456517293,2.728258646,7.27535639,8.184775939,7.27535639,3.637678195,5.456517293,16.02594449,4.713513086,6.59891832,15.08324187,5.656215703,3.770810469,10.36972879,3.770810469,4.713513086,0.942702617,30.16648375,3.770810469,25.54325386,4.257208977,5.321511221,6.385813465,7.450115709,2.128604488,9.578720197,6.385813465,3.192906732,9.578720197,6.385813465,6.385813465,1.960859621,1,0.98042981,2.941289431,2.941289431,1.890999378,0.945499689,1.890999378,2.836499067,1.890999378,1.890999378,3.335574408,2.223716272,3.335574408,5.55929068,1,1,4.447432544,2.223716272,1,3.335574408,1,4.447432544,3.187207827,6.374415654,1.062402609,1,4.249610436,3.187207827,10.62402609,2.124805218,3.187207827,6.374415654,6.374415654,2.124805218,10.00361504,3.637678195,1.818839098
"Endogenous","Cleaved Caspase 3","Cleaved Caspase 3",2.36934413,2.36934413,1.184672065,2.36934413,1.184672065,2.36934413,5.923360324,4.738688259,14.21606478,1,4.738688259,1.184672065,3.184680461,2.123120307,1,3.184680461,1,3.184680461,5.14290268,2.057161072,8.228644287,7.200063751,1.028580536,4.114322144,2.057161072,3.085741608,2.057161072,1.029824768,5.149123842,1.029824768,5.149123842,3.089474305,2.059649537,6.17894861,1.029824768,2.059649537,1,5.149123842,3.089474305,9.984943039,3.328314346,3.328314346,2.218876231,3.328314346,5.547190577,4.437752462,1.109438115,1,2.218876231,6.656628693,1,0.917651106,0.917651106,0.917651106,1,1,6.369360921,6.369360921,3.184680461,1,3.184680461,4.246240614,0.842185959,1,0.842185959,1,1,1,1,1.684371917,0.842185959,1.684371917,0.842185959,3.368743835,0.92093191,2.762795729,2.762795729,0.92093191,1,0.92093191,3.683727639,5.525591458,1,0.92093191,2.762795729,0.92093191,1,4.114322144,1.028580536
"Endogenous","gamma-H2AX","gamma-H2AX",30.1535367,34.86502682,50.88409319,45.23030506,23.55745055,29.21123868,43.34570901,31.09583473,112.1334646,31.09583473,16.9613644,0.942298022,0.923360232,5.540161393,6.463521625,12.00368302,4.616801161,0.923360232,33.78293897,17.32458409,36.38162659,15.59212568,14.72589648,32.05048056,5.197375227,12.12720886,14.72589648,5.692343304,12.33341049,14.23085826,6.641067188,6.641067188,4.74361942,15.17958214,2.846171652,5.692343304,6.641067188,19.92320156,12.33341049,13.5984653,15.86487619,9.065643535,7.932438093,7.932438093,20.39769795,7.932438093,6.799232651,7.932438093,12.46525986,30.59654693,2.266410884,2.849513236,3.799350982,1.899675491,0.949837745,1.899675491,17.54384441,72.02209811,19.39056488,13.85040348,31.39424789,32.31760813,19.50380654,8.030979162,2.294565475,1.147282737,1.147282737,1,1.147282737,4.58913095,1,3.441848212,4.58913095,18.3565238,12.00606237,1.200606237,4.802424949,15.60788108,10.80545613,9.604849897,19.20969979,8.40424366,10.80545613,4.802424949,7.203637423,1.200606237,9.528521249,2.598687613,1
"Endogenous","p53","p53",11.15874588,12.17317732,3.043294331,15.21647165,11.15874588,3.043294331,12.17317732,15.21647165,12.17317732,4.057725774,17.24533454,4.057725774,3.995659258,1,1.997829629,9.989148144,0.998914814,7.991318515,10.53601612,17.56002686,7.024010745,7.024010745,4.68267383,5.853342288,18.73069532,14.04802149,7.024010745,5.656317567,7.541756756,5.656317567,8.48447635,3.770878378,6.599037161,7.541756756,0.942719594,4.713597972,1.885439189,13.19807432,6.599037161,12.27104487,5.112935363,8.18069658,9.203283653,12.27104487,9.203283653,10.22587073,6.135522435,3.067761218,8.18069658,3.067761218,6.135522435,1,0.985537191,1,0.985537191,0.985537191,7.991318515,1.997829629,0.998914814,1.997829629,1,2.996744443,5.111865381,9.201357687,6.134238458,9.201357687,7.156611534,3.067119229,5.111865381,4.089492305,3.067119229,5.111865381,3.067119229,10.22373076,7.1170416,10.6755624,4.448151,2.6688906,6.2274114,7.1170416,14.2340832,7.1170416,12.4548228,3.5585208,7.1170416,8.0066718,14.04802149,10.53601612,4.68267383
"Endogenous","BAD","BAD",832.0044496,725.8462055,605.8787589,1360.206445,1101.283898,548.9157987,1150.479182,1105.599274,1025.333284,535.9696714,2261.256907,488.5005378,609.2398991,255.3884425,216.4134995,418.4678094,86.15513724,180.5155256,1112.853385,491.6806296,1170.297261,1134.273136,365.1093784,571.5178804,812.9768827,1031.068885,888.9196334,600.1016439,1170.738395,295.6310881,608.9411116,493.0458678,644.2989826,524.4750865,254.3802386,370.2754824,165.9855611,1319.045021,415.4549842,840.975632,861.7555531,825.085104,618.508241,668.6245214,789.6370033,1252.90701,746.8548127,309.2541205,562.2802191,420.487816,235.9132223,196.3147123,212.594469,158.0094026,141.729646,126.4075221,774.3705788,623.5990886,321.0304519,266.6706629,310.7738879,322.0561083,448.8081034,107.3236769,112.7440646,162.6116317,102.9873667,68.2968853,122.5007625,201.6384233,170.2001745,245.0015251,234.1607496,837.9919419,382.1950943,182.8312411,217.8414787,437.6279706,580.586441,306.3395794,586.4214806,417.205332,420.1228518,408.4527726,230.4840645,116.7007922,321.296253,296.9556278,148.9646264
"Endogenous","p21","p21",22.28077315,18.93865718,13.36846389,32.30712106,11.14038657,22.28077315,56.81597153,31.19308241,57.93001018,16.71057986,42.33346898,8.912309259,5.319930993,2.127972397,2.127972397,12.76783438,2.127972397,3.191958596,27.49476836,16.29319606,12.21989705,23.42146934,7.128273278,13.2382218,17.31152082,17.31152082,10.18324754,10.82562616,11.80977399,0.984147832,3.936591329,4.920739162,5.904886994,6.889034826,7.873182659,8.857330491,2.952443497,16.73051315,5.904886994,20.40842477,10.64787379,15.97181069,8.87322816,15.97181069,8.87322816,13.30984224,20.40842477,9.760550976,8.87322816,19.52110195,4.43661408,2.793848528,5.587697056,1.862565685,5.587697056,3.72513137,11.70384818,11.70384818,6.383917191,4.255944794,7.44790339,8.511889588,15.15451701,4.041204535,2.020602268,7.072107937,5.051505669,3.030903401,2.020602268,6.061806803,5.051505669,12.12361361,11.11331247,18.18542041,8.252664731,6.189498548,1.031583091,10.31583091,6.189498548,6.189498548,12.3789971,6.189498548,6.189498548,4.126332366,8.252664731,1.031583091,5.09162377,5.09162377,4.073299016
"Endogenous","BCLXL","BCLXL",215.3130713,231.5194315,145.8572419,280.1385121,233.8346258,151.6452276,267.4049434,241.9378059,284.7689008,152.8028248,422.5229625,100.7109527,102.7811959,48.4816962,46.54242835,123.1435083,16.48377671,40.72462481,361.1235647,189.7207133,368.974077,294.3942104,98.13140346,219.8143437,249.9079741,344.1141214,248.5995554,135.479808,250.0399398,79.69400472,171.3421101,91.64810543,181.3038607,140.4606833,68.73607907,95.63280566,43.8317026,327.7415944,84.67488001,212.085946,246.6750703,264.8798725,126.5233755,134.7155365,155.6510591,289.4563555,172.9456212,74.63968917,160.2022597,99.21617218,33.67888414,39.42050903,58.65002563,42.30493652,26.92132324,31.72870239,210.4105615,155.1414278,67.87437468,90.17595493,85.32778531,91.14558885,98.29328315,27.59109702,28.45331881,45.69775445,27.59109702,15.51999208,23.27998811,37.07553663,21.55554455,54.31997227,43.1110891,208.6576713,82.35892385,58.13571095,43.60178321,94.95499455,138.5567778,73.6385672,150.18392,101.7374942,106.5821367,96.89285158,40.69499767,25.19214141,83.73879762,91.58930989,51.0283298
"Endogenous","Perforin","Perforin",4.705662071,1.882264828,1,4.705662071,4.705662071,9.411324142,16.94038346,12.23472138,10.35245656,6.587926899,8.470191728,1.882264828,2.882722304,1.921814869,1.921814869,5.765444607,0.960907435,0.960907435,2.765494026,7.374650736,6.452819394,10.14014476,7.374650736,5.530988052,6.452819394,5.530988052,6.452819394,1,2.908881588,0.969627196,1.939254392,1.939254392,1.939254392,1.939254392,1.939254392,1.939254392,0.969627196,4.84813598,4.84813598,4.678341683,1.169585421,3.508756262,3.508756262,7.017512525,3.508756262,7.017512525,1.169585421,4.678341683,1.169585421,3.508756262,1.169585421,2.153699283,1,1,1,1.076849641,3.843629738,5.765444607,2.882722304,0.960907435,2.882722304,1.921814869,4.697628563,1,1.879051425,0.939525713,1,0.939525713,0.939525713,2.818577138,0.939525713,1,1,5.637154276,1.078603579,1,2.157207157,3.235810736,5.393017893,7.55022505,2.157207157,2.157207157,1,1,1.078603579,1,6.452819394,1.843662684,0.921831342
"Endogenous","PARP","PARP",52.31223035,21.71451071,14.80534821,41.454975,20.7274875,19.74046428,38.49390535,33.55878928,33.55878928,21.71451071,23.68855714,6.9091625,14.20407845,4.734692815,3.787754252,17.04489414,4.734692815,7.575508505,21.88944772,10.94472386,36.11758874,32.83417158,20.79497533,19.70050295,24.07839249,21.88944772,15.3226134,14.11162909,21.7101986,10.8550993,9.769589369,19.53917874,15.19713902,13.02611916,9.769589369,8.684079439,7.598569509,43.42039719,11.94060923,25.14479408,24.13900232,15.08687645,19.1100435,14.08108469,25.14479408,29.16796114,15.08687645,11.0637094,18.10425174,13.07529292,10.05791763,6.707339055,14.3728694,4.790956468,9.581912936,5.749147762,18.93877126,21.77958695,5.681631379,11.36326276,13.25713988,10.41632419,17.98286799,0.8991434,0.8991434,3.596573598,2.697430199,0.8991434,4.495716998,3.596573598,0.8991434,8.092290596,4.495716998,17.98286799,11.67760562,8.492804088,12.73920613,18.04720869,25.47841226,22.29361073,28.6632138,9.554404599,24.41681175,18.04720869,11.67760562,4.246402044,15.3226134,6.566834316,6.566834316
"Endogenous","BIM","BIM",39.95985251,37.29586234,31.07988528,39.95985251,47.06382628,31.967882,56.83179023,53.27980334,96.79164273,21.31192134,29.30389184,7.103973779,9.125873789,2.027971953,3.04195793,9.125873789,2.027971953,4.055943906,38.95828109,11.40242373,50.36070482,27.55585735,19.00403955,43.70929098,21.85464549,21.85464549,21.85464549,20.82753312,23.66765127,12.30717866,17.04070891,8.520354457,16.09400286,12.30717866,1.893412102,5.680236305,4.733530254,32.18800573,2.840118152,22.39517632,22.39517632,21.37721376,12.21555072,11.19758816,12.21555072,15.2694384,12.21555072,5.089812799,41.73646495,31.55683935,5.089812799,1.407237053,2.814474107,5.628948214,1.407237053,4.22171116,52.72727078,39.54545309,18.25174758,30.4195793,21.29370551,15.20978965,21.03569832,4.00679968,4.00679968,4.00679968,1.00169992,4.00679968,1.00169992,3.00509976,1.00169992,4.00679968,3.00509976,17.02889864,7.406689556,7.406689556,1.851672389,7.406689556,14.81337911,11.11003433,12.03587053,12.03587053,7.406689556,6.480853362,7.406689556,7.406689556,6.651413844,5.701211866,2.850605933
"Endogenous","AhR","AhR",70.33749738,88.3507589,71.19527174,97.78627684,44.60426663,77.19969224,166.4082255,153.5416101,180.9903896,84.06188711,150.9682871,15.43993845,18.8139894,13.79692556,27.59385112,95.32421296,11.28839364,15.05119152,158.4517341,84.57896617,97.42640407,118.8388006,71.73152827,94.21454459,141.3218169,140.2511971,89.93206529,43.67030291,75.69519171,36.87714468,117.4245923,49.49300997,50.46346114,87.34060582,52.40436349,57.25661937,23.29082822,146.5381275,47.55210761,116.6980068,73.43926292,94.56562622,55.33095151,60.36103802,87.52350512,110.661903,75.45129752,55.33095151,109.6558857,68.40917642,30.18051901,10.15538042,25.38845105,26.40398909,13.20199454,22.34183692,102.8498087,116.6467343,45.15357456,55.18770224,81.5272874,71.49315972,75.04492246,17.71894003,6.253743539,26.05726474,15.63435885,7.296034129,9.380615308,7.296034129,8.338324718,15.63435885,12.50748708,86.51011895,23.9067463,8.85435048,16.82326591,47.81349259,54.89697298,74.37654403,77.03284918,34.53196687,40.73001221,42.50088231,47.81349259,26.56305144,50.31913177,41.75417317,21.4123965
"Endogenous","Pmel17","Pmel17",6.624369234,10.40972308,8.517046158,15.14141539,3.785353848,6.624369234,12.30240001,12.30240001,11.35606154,14.19507693,12.30240001,2.839015386,2.004088117,1,2.004088117,7.01430841,1.002044059,2.004088117,8.322110415,4.623394675,5.54807361,4.623394675,2.774036805,3.69871574,4.623394675,7.39743148,7.39743148,3.591361606,1.197120535,4.788482141,4.788482141,5.985602676,2.394241071,1.197120535,1.197120535,5.985602676,1.197120535,7.182723212,4.788482141,9.191375789,6.433963052,5.514825473,12.8679261,4.595687894,2.757412737,2.757412737,2.757412737,3.676550316,2.757412737,5.514825473,3.676550316,3.231723719,3.231723719,1.07724124,2.154482479,1.07724124,7.01430841,1.002044059,1,2.004088117,2.004088117,2.004088117,5.397913336,3.598608891,1,1.799304445,2.698956668,0.899652223,3.598608891,1.799304445,2.698956668,2.698956668,2.698956668,6.297565559,2.232282414,2.232282414,2.232282414,2.232282414,2.232282414,1.116141207,3.348423621,4.464564828,5.580706035,1.116141207,1.116141207,1.116141207,3.69871574,5.54807361,0.924678935
"Endogenous","Her2","Her2",15.52459211,12.61373109,10.67315707,15.52459211,6.792009048,4.851435034,11.64344408,11.64344408,9.702870068,14.5543051,26.19774918,3.881148027,2.094115738,2.094115738,7.329405083,14.65881017,2.094115738,1.047057869,18.32849695,17.25035007,7.547028155,11.85961567,2.156293759,11.85961567,18.32849695,14.01590943,7.547028155,4.864581001,4.864581001,6.810413401,10.7020782,5.837497201,3.891664801,18.4854078,4.864581001,9.729162002,2.9187486,17.5124916,4.864581001,14.78417037,10.84172494,14.78417037,7.884890865,2.956834074,13.79855901,11.8273363,13.79855901,8.870502223,11.8273363,2.956834074,4.92805679,3.69844391,5.547665865,4.623054888,2.773832933,3.69844391,5.235289345,8.376462952,1.047057869,7.329405083,5.235289345,5.235289345,2.050505277,1.025252639,2.050505277,1.025252639,2.050505277,1,1,1,1,5.126263193,2.050505277,9.227273748,8.176728266,2.044182066,6.132546199,7.154637232,7.154637232,7.154637232,21.4639117,7.154637232,7.154637232,7.154637232,12.2650924,4.088364133,11.85961567,12.93776255,1.078146879
"Endogenous","GFP","GFP",9.693578797,10.90527615,10.90527615,32.71582844,6.058486748,14.5403682,33.92752579,38.77431519,24.23394699,7.270184098,71.49014363,9.693578797,10.45032233,10.45032233,4.354300971,7.837741748,6.09602136,3.483440777,11.19869974,8.399024806,12.13192472,25.19707442,4.666124892,3.732899914,18.66449957,15.86482463,19.59772455,10.72821965,2.14564393,2.14564393,16.09232947,10.72821965,10.72821965,15.01950751,3.218465894,3.218465894,2.14564393,22.52926126,13.94668554,10.8490258,13.25992042,21.69805159,27.72528815,16.87626235,22.9034989,20.49260428,6.027236554,14.46536773,7.232683865,2.410894622,4.821789243,16.03001536,8.905564088,4.452782044,13.35834613,3.562225635,5.225161165,11.32118252,3.483440777,0.870860194,1,3.483440777,16.193089,2.857603941,6.667742528,10.47788112,7.620277175,3.810138587,8.572811822,8.572811822,4.762673234,6.667742528,6.667742528,36.19631658,15.76313707,1.970392134,9.851960671,25.61509775,24.62990168,6.89637247,13.79274494,20.68911741,31.52627415,11.82235281,3.940784269,4.925980336,10.26547476,8.399024806,14.93159966
"Endogenous","Epcam","Epcam",175.7677432,126.71628,195.1839474,310.659267,214.6001516,77.66481675,450.6603183,579.4204092,303.5059286,270.8049532,450.6603183,112.4096032,133.7106915,64.37922184,79.23596534,169.3668759,18.81854177,53.48427661,497.9807877,199.9922842,270.9895451,262.9898537,158.9938659,219.9915126,324.9874618,390.9849156,220.9914741,103.6867521,193.1046852,65.63656786,233.0573786,106.5405159,96.07671527,150.2982279,70.39284089,182.6408845,45.66022112,423.3083,101.7842429,656.1069297,167.3429805,248.9737027,91.83456248,181.6283569,183.669125,326.5228888,239.7902465,170.4041326,181.6283569,78.56957012,97.95686664,53.29259722,76.28156073,50.15773856,36.57335103,42.84306835,128.7584437,142.6247376,45.56068007,35.6561844,65.36967141,64.37922184,175.4335774,25.83071079,35.51722733,75.33957313,29.05954964,36.59350695,61.34793812,78.56841198,50.58514196,172.2047386,59.19537889,218.4847621,115.3421719,75.9793672,55.84025782,89.71057814,142.8045938,218.783961,229.7689297,102.526375,105.2726172,174.844086,109.8496875,56.75567188,181.9929786,198.9923228,59.99768526
"Endogenous","IFNGR","IFNGR",1508.245416,501.6006445,495.8615067,1950.159027,555.5485399,330.5743378,1951.306855,2265.811607,1260.314663,987.1317031,3009.603867,811.5140861,832.6561397,358.3228107,712.9033466,1829.036801,295.639708,329.3201811,4736.427894,1887.62535,2231.851401,1941.761791,479.0564335,999.9920009,3880.459256,2856.974082,1669.0367,714.4965926,1393.088834,271.9754618,2777.20158,1204.590989,922.7418307,2621.91526,830.2881259,1374.239049,515.2274424,4145.157368,1171.379464,3058.214103,1547.568157,2536.028528,1508.536104,1569.721485,2385.174917,3099.355996,2301.83621,1246.915857,1028.547344,632.9522116,895.6273795,519.7070777,424.7298088,550.654727,252.9169967,455.6774582,375.1630472,365.8073603,188.9848767,80.45890788,206.7606819,284.4128837,364.9807178,87.29818695,271.181602,493.1418858,287.8982761,198.7426809,92.87041164,146.7352504,135.590801,902.7004012,576.7252563,2291.113055,838.3565376,371.0429652,535.5052525,956.689159,1168.283931,1632.589047,1732.870929,855.4044577,1162.267018,1069.004867,1120.148627,555.561629,1907.032754,1468.834012,413.684127
"Endogenous","AR","AR",10.23837338,2.047674675,1.023837338,1.023837338,3.071512013,1.023837338,6.143024025,4.09534935,1.023837338,2.047674675,4.09534935,1.023837338,0.886893715,3.547574859,2.660681144,2.660681144,0.886893715,0.886893715,10.93408705,7.289391368,7.289391368,5.467043526,1.822347842,5.467043526,5.467043526,0.911173921,3.644695684,2.069236859,1,5.173092146,5.173092146,2.069236859,4.138473717,2.069236859,1.034618429,2.069236859,4.138473717,3.103855288,1,6.176474482,3.088237241,2.058824827,3.088237241,7.205886896,3.088237241,6.176474482,1.029412414,1,4.117649655,1.029412414,1.029412414,10.27933122,4.568591655,2.284295828,1.142147914,2.284295828,5.321362288,3.547574859,1,3.547574859,2.660681144,1.773787429,0.94232723,1,0.94232723,1,1,1,1,0.94232723,1,1.88465446,1,1.88465446,2.178925015,1.089462508,1.089462508,2.178925015,2.178925015,2.178925015,6.536775046,5.447312538,2.178925015,3.268387523,4.35785003,2.178925015,2.733521763,0.911173921,1.822347842
"Endogenous","ER","ER",44.91734421,22.4586721,22.4586721,29.94489614,41.17423219,22.4586721,36.49534217,48.66045623,31.81645215,19.65133809,47.72467822,18.71556009,9.269961954,5.561977173,9.269961954,15.75893532,4.634980977,2.780988586,50.35611332,26.65911882,31.59599267,36.53286653,21.72224496,33.57074221,25.67174405,32.58336744,20.73487019,24.02707782,38.44332451,6.006769454,25.22843171,15.61760058,30.03384727,24.02707782,8.409477236,8.409477236,4.805415563,39.6446784,9.610831127,36.244318,36.244318,27.42813254,23.50982789,18.61194708,24.48940406,28.40770871,23.50982789,16.65279476,20.57109941,19.59152325,3.918304649,5.144703244,12.86175811,6.002153785,5.144703244,8.574505407,26.88288967,20.3939163,10.19695815,12.05095054,12.05095054,7.415969563,14.22040265,3.28163138,2.187754253,12.03264839,5.469385633,2.187754253,12.03264839,21.87754253,5.469385633,8.751017013,7.657139887,32.8163138,13.35169025,14.4643311,15.57697196,22.25281708,18.91489452,14.4643311,37.82978904,17.80225367,26.7033805,15.57697196,3.337922562,3.337922562,14.81062157,11.84849725,7.898998168
"Endogenous","S100B","S100B",135.0016449,56.25068536,26.25031983,62.81326532,24.37529699,35.62543406,88.12607373,45.93805971,89.06358515,25.31280841,46.87557113,6.562579959,10.17018725,2.034037449,9.153168521,31.52758046,3.051056174,6.102112348,171.512342,100.0488662,50.57415213,47.27583787,109.943809,68.16516157,69.26459966,87.95504719,50.57415213,23.65695437,36.90484881,57.72296865,44.47507421,19.87184167,48.26018691,71.91714127,9.462781746,108.8219901,3.785112699,149.5119516,20.81811984,124.9146698,50.96518527,44.96928112,22.98429924,104.9283226,42.9706464,64.95562828,145.9003343,19.98634716,123.9153524,94.93514903,13.99044301,25.82640759,8.608802529,2.869600843,5.739201686,13.3914706,33.56161791,30.51056174,14.23826214,37.62969281,38.64671154,38.64671154,15.25848303,15.25848303,3.269674934,21.79783289,3.269674934,5.449458223,2.179783289,4.359566579,3.269674934,20.70794125,10.89891645,28.33718276,12.83664677,6.912040571,3.949737469,8.886909306,19.74868735,34.56020286,35.54763722,7.899474938,10.86177804,13.82408114,24.68585918,8.886909306,17.59100944,43.9775236,7.696066629
